GameEventID,teammates_within_5,opponents_within_5,teammates_within_10,opponents_within_10,teammates_within_15,opponents_within_15,teammates_ahead_of_ball,opponents_ahead_of_ball,+/-_ahead_of_ball
912769,0,1,0,2,2,4,2,3,-1
1082280,1,1,1,1,2,2,3,8,-5
1082666,1,2,1,5,3,5,4,5,-1
1084616,0,3,1,5,2,7,3,5,-2
1085994,1,3,2,4,2,6,3,6,-3
1086868,1,2,2,4,4,8,4,6,-2
1086892,0,1,3,2,3,8,4,8,-4
1087376,0,1,3,5,3,9,6,9,-3
1087573,0,0,0,1,4,4,6,10,-4
1087971,0,2,1,2,2,5,3,5,-2
1088368,1,0,1,1,1,1,1,5,-4
1089454,0,2,2,5,3,8,3,7,-4
1090051,0,1,1,5,4,8,4,9,-5
1090369,0,1,1,3,3,6,5,9,-4
1091911,0,1,2,4,3,8,5,8,-3
1098043,0,1,0,2,5,4,5,9,-4
1099364,0,1,1,2,3,4,7,10,-3
1099583,0,1,1,2,5,4,6,9,-3
1099663,1,1,3,3,3,5,4,9,-5
1102692,0,1,2,2,5,5,6,9,-3
1103978,0,2,1,4,1,6,3,5,-2
1104997,0,1,2,1,3,5,4,7,-3
1105356,0,1,1,5,2,7,3,5,-2
1105374,1,3,2,4,3,7,3,8,-5
1107182,1,0,1,2,3,5,5,7,-2
1110508,0,2,1,3,4,6,6,10,-4
1110679,1,1,1,6,2,8,4,6,-2
1111213,1,0,1,2,2,5,3,6,-3
1111514,0,1,1,1,2,3,1,3,-2
1114520,0,1,2,4,2,6,2,5,-3
1115831,0,1,0,3,3,5,3,4,-1
1115966,0,1,3,1,3,5,7,11,-4
1116372,0,3,2,4,3,6,3,7,-4
1117085,0,1,0,3,4,7,4,9,-5
1117409,0,0,2,2,3,5,5,10,-5
1117682,0,0,1,3,2,7,3,6,-3
1117811,0,1,0,3,4,6,7,10,-3
1118390,0,0,1,3,2,5,7,10,-3
1118715,0,0,0,1,2,5,3,6,-3
1120270,1,1,1,2,4,4,5,7,-2
1120314,0,1,2,4,5,8,5,8,-3
1120383,0,3,2,6,3,7,3,3,0
1120797,0,1,1,3,3,8,7,9,-2
1122716,0,1,1,3,3,4,4,8,-4
1122837,1,3,2,3,6,6,4,9,-5
1122933,0,1,2,4,4,7,4,8,-4
1123296,0,1,1,3,3,9,6,9,-3
1124439,0,2,1,3,2,4,3,6,-3
1125707,0,1,2,5,3,7,2,6,-4
1125827,1,1,3,3,3,4,4,9,-5
1126182,1,1,2,2,6,8,7,11,-4
1126354,0,0,2,2,4,4,7,10,-3
1126928,1,2,2,3,4,8,5,8,-3
1128569,1,2,2,6,3,7,2,5,-3
1129539,0,1,0,2,3,5,4,6,-2
1129780,0,1,1,1,3,6,5,6,-1
1129926,1,1,1,4,3,5,1,5,-4
1130147,1,1,2,3,4,5,2,6,-4
1132035,1,0,1,0,2,1,6,11,-5
1132632,1,0,1,4,2,5,3,5,-2
1134100,0,1,2,5,5,7,6,9,-3
1134584,0,0,1,1,3,4,6,10,-4
1135529,2,2,3,6,3,7,0,7,-7
1135957,0,2,3,4,5,8,5,9,-4
1136097,1,1,1,4,5,5,7,9,-2
1137047,0,0,1,2,2,6,6,10,-4
1137061,0,1,1,2,1,4,2,4,-2
1137417,0,2,0,3,2,5,5,9,-4
1137432,0,1,0,2,5,6,5,9,-4
1137545,0,0,1,2,6,7,6,10,-4
1137651,0,2,2,4,3,7,4,9,-5
1139112,0,1,1,3,3,5,3,9,-6
1139342,0,2,0,2,3,5,3,6,-3
1139377,0,2,2,5,4,7,4,7,-3
1139484,0,1,1,3,3,6,3,9,-6
1139815,1,3,1,4,3,5,2,5,-3
1140836,1,2,2,4,4,7,4,7,-3
1141548,0,2,1,3,1,4,1,2,-1
1141702,0,1,0,5,5,7,2,6,-4
1141788,3,2,5,6,7,9,5,6,-1
1142040,0,2,3,5,7,8,5,8,-3
1142988,0,2,2,4,4,6,4,5,-1
1143754,0,1,0,3,1,5,1,5,-4
1144341,2,2,3,3,5,4,6,9,-3
1145633,1,1,1,2,5,8,7,10,-3
1146548,0,0,2,2,5,9,6,9,-3
1146787,0,2,2,5,2,7,4,8,-4
1146919,0,0,1,1,3,1,9,11,-2
1147031,1,2,3,5,4,6,2,8,-6
1148073,0,0,1,1,2,4,6,9,-3
1149027,0,2,3,5,4,8,2,6,-4
1149196,1,2,3,2,3,7,4,7,-3
1149246,0,0,1,2,3,5,6,9,-3
1149531,1,0,1,0,1,1,5,6,-1
1149835,1,3,2,5,2,5,1,5,-4
1150095,0,2,3,3,4,8,5,10,-5
1150151,0,1,0,2,0,4,7,10,-3
1150216,0,1,3,3,7,10,7,11,-4
1150544,1,2,2,3,4,4,2,4,-2
1150735,1,0,1,2,1,5,5,8,-3
1150892,0,1,0,1,3,5,7,9,-2
1151397,0,0,1,2,2,4,5,7,-2
1152394,1,1,1,1,3,5,6,10,-4
1152866,0,1,2,2,4,7,6,9,-3
1152897,0,1,1,3,3,5,0,3,-3
1153312,0,1,1,2,2,7,4,9,-5
1154635,0,2,4,5,4,7,2,6,-4
1155637,1,0,1,0,2,0,8,11,-3
1155845,1,2,3,3,3,4,3,7,-4
1155895,0,1,2,4,4,6,3,5,-2
1155947,0,1,1,4,4,7,5,10,-5
1156163,1,1,3,4,5,9,6,10,-4
1156974,1,1,3,4,4,7,4,9,-5
1158506,0,1,3,5,5,7,1,6,-5
1158609,0,2,1,4,2,6,4,8,-4
1158817,0,1,1,5,3,8,3,6,-3
1159132,0,1,0,2,4,5,3,8,-5
1159271,1,3,2,5,2,7,2,6,-4
1159340,0,2,1,3,1,5,1,5,-4
1159448,0,1,0,2,3,5,5,8,-3
1159470,0,1,1,1,4,5,7,10,-3
1161637,2,1,2,3,4,6,3,5,-2
1161729,0,1,1,3,4,6,4,8,-4
1161828,0,1,4,6,5,8,6,6,0
1162171,0,1,4,5,8,9,6,10,-4
1162473,0,2,0,2,1,6,4,7,-3
1162488,0,1,0,7,3,9,2,4,-2
1162567,0,1,0,4,2,6,3,7,-4
1162929,1,2,2,3,3,5,2,3,-1
1164141,1,1,3,3,5,6,7,10,-3
1164910,0,1,1,3,4,8,6,10,-4
1165094,0,1,0,2,4,7,4,8,-4
1165780,0,2,1,4,5,6,5,8,-3
1165930,1,1,2,3,3,7,3,8,-5
1166005,0,1,1,4,2,7,3,8,-5
1166138,0,1,3,5,3,5,2,5,-3
1166147,1,1,1,1,3,3,6,10,-4
1166320,0,0,0,0,0,0,0,0,0
1166348,1,1,2,3,3,7,5,10,-5
1166853,0,0,2,5,3,6,5,8,-3
1166998,1,3,3,5,3,8,4,7,-3
1168209,0,1,2,5,4,8,5,9,-4
1169448,1,3,2,3,2,4,1,1,0
1170287,0,0,0,3,2,4,5,7,-2
1170504,1,3,3,5,4,8,3,6,-3
1171083,0,1,2,2,4,3,6,9,-3
1172462,1,1,2,5,4,6,0,6,-6
1172952,0,1,0,2,3,5,8,11,-3
1173040,0,0,1,1,3,2,6,11,-5
1173285,0,0,1,2,3,3,8,10,-2
1173462,0,3,1,3,3,7,0,2,-2
1173620,0,1,2,1,2,7,7,11,-4
1173872,1,1,2,2,3,4,6,10,-4
1174170,1,1,1,2,3,4,0,0,0
1174310,1,3,2,4,3,8,5,6,-1
1174364,0,0,0,1,1,2,7,10,-3
1175967,0,0,2,3,4,6,5,8,-3
1176020,1,0,1,1,3,6,4,8,-4
1176244,0,0,2,4,3,6,4,7,-3
1176637,2,1,3,2,5,8,7,10,-3
1176758,0,2,3,4,4,7,6,9,-3
1177098,0,0,1,3,5,5,5,8,-3
1177235,1,1,1,4,2,4,2,3,-1
1177360,0,1,1,4,2,6,2,5,-3
1177419,0,1,1,3,2,4,2,4,-2
1177797,0,1,1,3,3,5,7,10,-3
1178024,1,0,1,1,2,2,6,8,-2
1178265,0,1,2,4,5,7,4,5,-1
1178534,1,1,3,5,4,7,4,7,-3
1178772,1,2,4,5,5,6,6,8,-2
1179214,0,0,1,2,3,6,3,9,-6
1180237,1,2,3,4,5,7,4,8,-4
1180487,1,1,3,2,3,4,3,8,-5
1181117,0,3,0,5,3,6,3,7,-4
1181321,1,2,1,4,3,6,3,4,-1
1181337,0,1,1,1,5,3,7,10,-3
1182455,0,1,0,4,2,7,2,5,-3
1182727,1,1,2,3,6,6,5,9,-4
1183192,0,2,3,5,5,8,3,5,-2
1183208,1,1,3,2,4,5,6,8,-2
1184142,1,0,1,1,1,3,9,11,-2
1185340,0,2,0,2,2,5,6,10,-4
1185625,0,2,2,4,3,8,5,9,-4
1186394,1,1,2,6,4,8,5,8,-3
1187598,1,3,1,5,2,6,1,3,-2
1188529,0,1,2,3,4,6,5,10,-5
1188832,1,3,3,7,4,8,4,6,-2
1189095,0,1,1,2,3,4,5,11,-6
1189143,0,3,3,3,3,5,5,8,-3
1189779,0,1,2,3,4,5,5,9,-4
1190003,0,1,2,3,4,7,5,8,-3
1190333,2,0,2,2,2,4,1,4,-3
1190441,1,2,2,3,5,7,5,9,-4
1191529,1,1,1,3,3,5,5,10,-5
1194092,0,0,0,2,2,3,7,9,-2
1194162,0,1,5,5,6,7,5,9,-4
1194711,1,1,2,1,3,2,5,9,-4
1195218,0,3,1,4,2,7,1,6,-5
1195974,0,1,1,4,1,6,2,5,-3
1196012,0,1,2,4,2,7,2,8,-6
1196774,0,2,3,5,4,7,5,7,-2
1196914,0,3,2,5,4,7,5,7,-2
1196989,0,0,1,3,3,5,5,9,-4
1197236,0,1,1,5,2,8,1,5,-4
1197280,0,0,2,4,4,7,3,9,-6
1197334,0,0,1,2,1,5,2,4,-2
1197600,0,2,2,3,4,8,4,7,-3
1197779,1,0,2,1,2,2,5,10,-5
1198375,0,1,1,5,2,7,3,4,-1
1198399,1,0,2,3,4,4,5,9,-4
1198684,1,1,4,5,4,6,3,7,-4
1198789,0,0,1,0,3,5,5,8,-3
1198931,0,1,2,2,4,6,8,11,-3
1199576,1,4,4,7,5,7,2,6,-4
1199584,1,1,1,3,5,6,5,8,-3
1200039,0,1,1,5,5,8,6,10,-4
1200874,1,2,1,4,4,7,6,10,-4
1200888,0,0,3,2,4,5,5,8,-3
1201100,1,1,1,3,3,6,3,9,-6
1201143,0,1,2,4,5,7,4,7,-3
1201720,0,1,0,3,3,6,3,4,-1
1201948,0,1,1,2,2,7,7,11,-4
1202018,0,1,1,2,4,4,7,10,-3
1202171,0,1,1,2,5,4,7,11,-4
1202230,0,2,1,5,5,9,5,10,-5
1202911,0,2,1,4,2,7,3,4,-1
1203371,1,3,2,6,3,7,3,7,-4
1203502,1,3,4,8,5,9,5,7,-2
1203861,1,2,2,5,4,6,3,6,-3
1203862,1,1,1,3,3,7,5,10,-5
1204219,0,3,2,5,4,9,5,9,-4
1204894,1,2,1,2,3,4,5,8,-3
1205064,0,3,1,4,4,7,1,5,-4
1205435,1,3,1,4,1,6,2,5,-3
1205871,0,1,1,2,3,4,6,9,-3
1206244,0,2,2,5,4,6,3,6,-3
1206478,1,1,1,4,2,5,1,2,-1
1206555,0,1,0,1,3,5,5,8,-3
1206689,1,1,2,4,3,6,4,6,-2
1208063,0,1,1,2,3,3,6,10,-4
1208079,1,3,1,5,2,6,1,5,-4
1208639,1,2,3,4,4,5,3,5,-2
1209115,0,1,0,3,3,4,4,10,-6
1209308,1,2,3,5,4,8,4,8,-4
1209423,0,0,2,2,4,5,3,5,-2
1209479,0,1,2,2,2,6,5,8,-3
1209834,0,2,2,3,4,5,5,9,-4
1209932,1,1,1,2,1,3,0,3,-3
1209985,1,2,1,4,2,6,3,6,-3
1210035,0,3,1,5,2,8,2,6,-4
1210643,0,1,1,2,1,4,0,3,-3
1211084,0,1,1,3,2,4,6,10,-4
1211171,0,1,1,2,2,4,6,9,-3
1212302,1,2,2,5,4,7,3,8,-5
1212576,0,2,0,4,1,6,2,7,-5
1212642,1,1,1,2,2,2,7,10,-3
1212646,0,1,1,3,4,8,4,8,-4
1213248,0,1,0,3,7,6,7,10,-3
1213392,0,2,2,6,4,9,4,8,-4
1213630,0,2,2,3,4,6,3,7,-4
1213924,0,1,2,3,3,5,6,9,-3
1214532,0,2,1,4,5,6,5,9,-4
1214667,1,3,2,6,4,8,2,6,-4
1214911,0,2,1,4,2,5,2,5,-3
1215406,0,2,2,5,3,6,2,7,-5
1215470,0,4,1,4,1,5,1,4,-3
1216180,0,0,1,2,3,4,6,9,-3
1216952,0,2,2,2,3,6,1,4,-3
1218053,0,2,1,5,4,6,3,6,-3
1218206,0,2,1,3,5,7,4,9,-5
1218272,0,1,1,4,5,6,4,4,0
1219066,2,2,3,2,4,5,0,6,-6
1219260,0,1,0,2,4,6,8,11,-3
1219801,0,1,1,3,4,4,6,9,-3
1220871,0,1,1,2,1,6,7,9,-2
1221087,0,1,2,3,4,7,6,9,-3
1222314,0,2,2,4,3,7,1,4,-3
1222582,0,3,2,6,3,8,4,7,-3
1222765,1,2,1,4,2,7,2,6,-4
1223161,2,1,2,5,3,6,2,6,-4
1223757,1,0,1,2,1,3,3,6,-3
1223830,0,1,2,3,4,6,4,7,-3
1224118,0,3,2,5,5,7,4,6,-2
1224366,1,1,1,3,2,5,0,3,-3
1224954,3,4,3,7,3,8,2,3,-1
1225162,0,1,2,3,3,5,4,4,0
1225179,0,3,1,6,3,7,3,7,-4
1225673,1,1,1,1,1,4,0,2,-2
1225813,0,2,1,5,3,6,3,5,-2
1226425,0,0,0,0,0,0,0,0,0
1226602,0,1,1,2,3,5,3,8,-5
1227511,2,2,5,6,6,8,4,8,-4
1227583,0,1,3,4,4,6,4,7,-3
1227621,1,2,5,6,6,8,7,9,-2
1227708,0,1,0,1,4,5,5,7,-2
1227960,0,1,1,2,2,5,6,9,-3
1228343,0,1,1,5,3,6,3,5,-2
1229254,1,1,2,2,3,7,7,11,-4
1229456,1,2,2,6,3,8,4,6,-2
1229779,0,2,2,4,2,4,2,4,-2
1230252,0,3,3,7,5,10,5,9,-4
1230808,1,3,2,6,4,8,4,7,-3
1231008,1,2,3,4,4,7,4,7,-3
1232989,1,2,2,6,4,7,3,6,-3
1233153,1,0,1,3,3,6,4,8,-4
1234319,0,1,3,3,4,7,6,9,-3
1234353,1,1,1,1,4,3,8,11,-3
1234928,0,0,1,3,6,7,7,9,-2
1235455,0,1,2,6,4,8,3,6,-3
1235563,0,1,1,4,4,6,6,10,-4
1237348,0,1,2,3,4,6,3,7,-4
1237602,2,1,4,1,4,4,7,9,-2
1238584,2,1,2,1,2,3,5,9,-4
1238856,0,1,1,4,2,7,3,6,-3
1239487,0,1,0,2,4,5,5,8,-3
1240570,0,1,0,3,2,5,3,6,-3
1240815,1,3,4,7,6,9,5,7,-2
1241518,1,1,2,4,3,5,1,4,-3
1241547,1,1,1,2,1,2,5,9,-4
1242033,1,2,2,5,3,5,2,4,-2
1242794,0,0,2,6,5,7,3,7,-4
1242881,0,1,1,1,1,1,0,1,-1
1243082,0,1,1,2,5,4,5,9,-4
1243803,0,2,2,4,2,7,2,5,-3
1244599,1,0,1,3,2,4,1,1,0
1244672,1,2,2,5,3,6,2,2,0
1245065,0,1,1,2,2,7,5,8,-3
1245518,0,0,1,2,2,5,2,4,-2
1246115,1,0,1,1,2,7,5,8,-3
1246587,1,2,2,6,4,7,2,5,-3
1246644,0,1,1,3,2,6,5,9,-4
1246934,0,4,4,6,5,8,4,7,-3
1247192,1,0,2,1,2,4,5,8,-3
1247387,1,2,2,5,3,7,3,4,-1
1247486,0,2,1,3,2,8,2,5,-3
1247690,0,0,0,0,0,0,0,0,0
1247889,0,1,0,1,3,4,6,10,-4
1248270,0,0,0,2,2,5,3,5,-2
1248495,0,0,0,3,2,4,1,5,-4
1249046,1,0,1,1,1,1,3,7,-4
1250174,2,1,3,4,5,8,4,10,-6
1250192,0,1,1,4,2,8,4,7,-3
1251171,0,2,2,3,4,5,3,5,-2
1251584,0,1,1,2,3,6,4,7,-3
1251791,1,3,2,5,6,7,6,9,-3
1251961,0,2,2,4,2,6,2,4,-2
1251967,0,2,0,2,2,6,3,7,-4
1252168,0,2,0,4,1,5,1,5,-4
1252218,0,1,1,4,2,5,4,5,-1
1252285,0,1,1,3,3,7,5,8,-3
1252786,1,1,4,2,6,7,8,11,-3
1252868,0,0,1,2,3,4,6,9,-3
1253347,0,1,1,4,3,10,6,8,-2
1253420,0,1,0,3,3,5,4,6,-2
1254433,0,1,1,1,3,6,4,7,-3
1255225,0,0,1,2,2,3,6,10,-4
1256087,0,0,1,3,3,5,3,7,-4
1256450,0,1,2,4,3,6,1,5,-4
1256983,0,2,3,2,5,6,8,10,-2
1257566,1,1,1,4,2,7,1,7,-6
1257623,0,1,1,4,5,7,2,7,-5
1257970,0,2,1,2,3,6,6,9,-3
1257997,0,2,4,6,5,8,5,7,-2
1258111,1,2,1,3,3,5,2,5,-3
1258197,0,0,1,1,3,2,8,9,-1
1258260,0,1,1,2,4,7,4,7,-3
1258279,0,2,1,5,3,7,4,7,-3
1258826,0,2,1,4,6,7,5,8,-3
1258891,1,0,2,2,4,4,5,10,-5
1258965,0,2,1,3,5,4,2,4,-2
1259488,0,1,1,2,2,5,7,9,-2
1260548,1,2,2,4,3,5,6,8,-2
1261337,0,1,2,2,5,7,7,10,-3
1261628,0,2,1,3,4,5,5,10,-5
1261829,0,1,2,2,5,6,4,9,-5
1261972,1,2,1,3,2,6,4,4,0
1263604,0,2,1,5,1,6,0,4,-4
1263858,0,1,3,4,4,6,4,7,-3
1264297,0,1,2,2,3,5,6,10,-4
1264309,1,2,1,6,6,9,6,9,-3
1264341,0,1,1,3,1,5,2,5,-3
1264553,0,0,3,2,3,5,5,9,-4
1265205,1,2,1,3,2,7,3,8,-5
1265688,0,1,1,3,3,7,4,9,-5
1266516,0,1,0,3,3,7,6,10,-4
1266714,0,1,1,4,2,5,1,3,-2
1266805,1,2,4,7,5,9,3,7,-4
1267145,2,1,2,7,3,7,2,6,-4
1267391,1,1,2,2,2,8,6,10,-4
1267625,0,2,2,5,2,5,1,6,-5
1268103,0,1,3,4,4,7,5,10,-5
1268174,2,2,2,6,4,7,2,4,-2
1268336,1,2,1,3,3,5,3,7,-4
1268599,0,1,1,4,4,5,4,6,-2
1268821,0,1,0,4,3,7,2,4,-2
1269579,1,2,2,4,4,6,4,9,-5
1269738,0,4,0,4,2,6,3,5,-2
1269755,0,1,1,3,4,7,5,7,-2
1269867,0,2,2,7,5,9,5,8,-3
1269936,0,2,1,5,5,9,4,9,-5
1270391,0,1,2,3,3,5,6,9,-3
1270456,0,1,1,3,2,6,4,7,-3
1270997,0,1,3,5,3,8,4,7,-3
1271612,0,2,0,3,1,4,3,3,0
1271807,1,1,1,3,2,6,4,9,-5
1271879,2,1,4,6,7,8,7,8,-1
1272115,0,1,1,2,2,7,5,10,-5
1272542,0,2,1,3,1,4,4,9,-5
1272849,0,1,1,5,1,5,0,4,-4
1273258,1,1,2,1,4,5,6,9,-3
1273649,0,0,0,1,2,5,7,10,-3
1273884,1,1,1,5,4,7,2,5,-3
1274040,1,2,2,5,3,5,3,6,-3
1274673,0,1,0,1,2,5,7,10,-3
1276466,1,3,2,5,2,8,3,6,-3
1276684,0,2,2,5,5,7,5,9,-4
1277485,0,2,1,2,4,5,6,10,-4
1279225,1,2,1,2,3,4,0,2,-2
1279563,0,2,2,6,2,6,2,6,-4
1279705,0,1,1,1,3,2,8,11,-3
1280199,1,2,2,5,3,7,3,8,-5
1280735,0,2,2,3,2,8,6,9,-3
1280993,0,3,1,3,2,5,3,5,-2
1281104,0,0,0,0,1,2,0,1,-1
1281135,0,1,1,1,1,3,9,11,-2
1282186,0,1,1,1,5,3,6,10,-4
1282507,0,1,0,3,2,5,5,9,-4
1282554,0,0,1,2,4,4,6,9,-3
1282583,0,1,1,3,5,8,3,8,-5
1282889,1,2,2,6,3,7,4,6,-2
1283542,0,1,2,4,4,9,2,9,-7
1283623,1,0,2,3,5,6,6,10,-4
1283857,0,1,1,4,2,7,5,8,-3
1284029,0,2,1,3,3,7,5,10,-5
1284311,0,1,2,3,3,6,5,8,-3
1284598,0,1,2,4,2,7,4,9,-5
1285837,1,2,1,4,3,6,1,5,-4
1286137,0,1,1,2,4,6,7,9,-2
1286601,0,1,1,4,3,8,5,7,-2
1287062,0,2,1,2,4,5,4,8,-4
1287084,1,2,2,2,2,6,5,7,-2
1287459,0,1,0,2,1,4,1,3,-2
1287560,1,3,3,5,4,7,3,5,-2
1288241,0,2,2,4,4,8,3,6,-3
1288352,0,1,1,4,2,5,6,9,-3
1289190,0,0,0,2,3,7,4,8,-4
1289703,0,2,1,2,1,5,5,10,-5
1290265,0,1,2,4,4,8,5,9,-4
1290955,0,0,1,3,1,5,5,9,-4
1291208,0,2,3,3,4,6,2,6,-4
1291363,0,1,0,3,3,5,6,10,-4
1292096,1,3,4,5,5,6,3,7,-4
1292652,1,1,2,1,2,1,8,11,-3
1292669,0,4,3,5,3,6,2,6,-4
1295364,0,1,0,4,2,5,1,4,-3
1297049,0,0,0,1,2,5,6,8,-2
1298430,1,3,2,3,4,8,3,8,-5
1298776,1,2,2,6,3,8,3,6,-3
1299921,1,1,2,5,4,6,2,4,-2
1300044,1,1,2,4,3,4,5,8,-3
1300132,0,1,0,3,4,4,6,9,-3
1300363,1,1,1,3,4,5,2,6,-4
1301076,0,2,2,5,4,7,5,9,-4
1301171,0,1,1,5,2,7,3,7,-4
1302490,0,1,1,3,4,6,4,8,-4
1302808,1,2,1,5,5,8,7,10,-3
1303266,0,1,1,5,3,6,3,6,-3
1303285,0,2,2,4,3,7,3,7,-4
1303401,0,1,1,3,2,5,2,8,-6
1303673,0,1,1,4,4,7,3,7,-4
1304990,0,2,1,4,4,6,5,6,-1
1305046,0,1,0,3,2,5,5,8,-3
1305480,0,1,0,1,3,4,6,10,-4
1306003,0,1,1,4,2,5,3,7,-4
1306097,1,3,1,4,4,8,5,8,-3
1306226,1,2,1,5,3,6,2,6,-4
1307039,0,1,0,2,4,6,2,7,-5
1307087,0,1,0,3,2,4,2,4,-2
1307140,1,2,3,5,4,6,4,6,-2
1307285,0,1,0,1,4,7,7,9,-2
1307523,2,3,2,4,2,5,0,1,-1
1307535,0,1,1,2,2,6,3,6,-3
1307558,0,0,1,3,6,6,7,10,-3
1307647,1,1,1,2,2,6,4,8,-4
1309149,1,1,3,4,4,7,5,6,-1
1310583,0,2,2,5,4,7,6,9,-3
1310908,0,1,2,3,4,5,4,7,-3
1311295,0,1,3,3,4,5,3,6,-3
1311649,1,1,4,6,7,9,5,9,-4
1312010,1,1,1,1,3,3,5,11,-6
1312321,0,2,2,6,2,6,5,8,-3
1312693,1,1,1,3,5,7,5,9,-4
1313137,0,1,1,1,2,2,8,11,-3
1314137,0,3,2,5,3,7,3,7,-4
1314293,0,1,0,4,4,6,4,8,-4
1314504,0,1,0,4,3,7,4,7,-3
1314954,1,1,2,1,3,1,6,9,-3
1315487,0,1,0,3,3,5,5,10,-5
1315786,2,1,2,4,3,5,1,4,-3
1315792,1,2,2,3,3,5,2,6,-4
1316401,1,0,1,1,4,7,6,9,-3
1316704,0,1,2,5,3,8,4,8,-4
1316760,1,1,1,2,1,3,0,4,-4
1317973,0,1,1,3,4,6,5,8,-3
1318264,0,1,1,4,3,6,5,9,-4
1318521,0,1,1,4,4,6,2,5,-3
1318617,1,1,2,4,4,6,5,7,-2
1319146,0,1,2,6,2,7,3,6,-3
1319330,1,2,4,4,6,7,6,9,-3
1319449,0,2,2,4,4,5,3,6,-3
1320114,0,1,2,4,6,9,5,9,-4
1320791,0,1,1,2,3,5,7,10,-3
1321017,0,1,1,5,4,8,5,7,-2
1321550,1,2,2,3,3,4,3,8,-5
1322109,0,1,1,5,2,8,4,8,-4
1322287,0,2,3,4,5,8,7,9,-2
1322527,1,2,1,5,2,6,1,3,-2
1322688,0,1,2,4,2,5,1,4,-3
1322922,1,1,2,5,2,6,4,8,-4
1323209,1,1,2,4,3,8,5,10,-5
1323311,1,1,1,4,3,7,0,1,-1
1323573,0,1,0,2,2,7,6,9,-3
1323783,0,2,1,4,5,8,5,9,-4
1324015,0,2,1,3,5,7,6,8,-2
1324391,0,1,1,3,2,4,5,10,-5
1324704,0,2,3,4,4,7,3,9,-6
1325449,0,1,3,3,3,8,4,10,-6
1325639,0,1,2,3,3,6,1,4,-3
1326027,0,1,1,3,2,7,5,10,-5
1326313,0,1,2,5,4,8,2,6,-4
1326998,0,1,1,2,4,4,7,11,-4
1327392,1,1,2,3,4,4,2,5,-3
1328812,0,1,1,2,3,5,5,9,-4
1329190,0,2,1,3,4,8,6,10,-4
1329839,0,2,2,3,2,8,5,8,-3
1330639,0,3,3,6,3,7,5,7,-2
1331050,1,3,1,5,1,5,1,4,-3
1331907,0,1,2,3,3,7,4,6,-2
1332431,1,3,2,5,5,7,5,7,-2
1332524,1,3,2,6,4,8,3,6,-3
1332804,1,1,1,2,4,5,6,10,-4
1333515,1,4,2,5,2,5,1,3,-2
1335875,0,0,1,1,3,1,9,11,-2
1336818,0,1,1,2,1,3,5,9,-4
1336862,1,1,1,2,3,6,4,8,-4
1336984,0,1,1,5,3,8,4,9,-5
1337415,0,1,2,4,2,7,3,7,-4
1337635,0,3,1,4,4,6,3,7,-4
1337928,0,1,1,3,2,6,4,6,-2
1339243,0,0,1,1,2,2,9,9,0
1339805,0,1,3,2,4,7,4,10,-6
1340560,0,1,0,2,2,6,3,6,-3
1340596,1,3,1,5,3,8,2,5,-3
1340600,1,2,1,2,4,7,7,11,-4
1340638,1,1,4,7,5,9,4,7,-3
1340794,1,2,4,4,7,7,6,10,-4
1341027,0,3,2,4,4,5,4,8,-4
1341274,1,0,1,1,3,6,3,6,-3
1341461,0,1,0,2,2,5,9,11,-2
1341790,0,0,0,0,1,2,9,11,-2
1341970,0,1,2,5,3,7,3,6,-3
1342099,0,1,2,3,3,6,5,9,-4
1342342,0,1,1,2,2,4,5,10,-5
1342401,0,0,1,3,4,7,5,8,-3
1344073,1,2,1,3,2,6,3,5,-2
1344088,0,2,4,2,4,6,5,8,-3
1344534,0,0,0,2,0,3,5,8,-3
1345084,1,1,1,4,3,7,0,1,-1
1345709,0,3,2,4,3,6,2,5,-3
1346325,0,1,0,2,3,3,7,8,-1
1347430,0,1,0,3,3,6,2,7,-5
1347809,0,1,3,6,5,9,4,7,-3
1348686,0,0,2,3,4,6,2,4,-2
1348945,0,3,2,5,3,6,2,5,-3
1350136,0,2,1,2,2,5,4,8,-4
1350318,1,2,1,4,4,6,3,6,-3
1351984,1,2,1,2,1,4,1,3,-2
1352255,0,1,2,3,4,4,3,5,-2
1352774,1,2,3,4,4,6,2,4,-2
1353394,0,0,2,5,4,6,5,7,-2
1354444,0,1,0,3,3,4,5,8,-3
1354994,1,3,3,6,4,7,2,5,-3
1355079,0,3,3,3,4,7,6,7,-1
1355810,0,2,2,4,4,7,6,10,-4
1355902,1,2,2,5,4,7,2,5,-3
1356231,1,1,2,4,3,5,4,8,-4
1356495,0,1,1,3,4,7,4,8,-4
1356829,0,2,0,6,0,7,2,4,-2
1356860,1,2,2,3,4,5,6,10,-4
1356908,0,0,2,4,4,7,7,8,-1
1357814,1,1,4,3,4,5,3,6,-3
1357863,0,1,2,3,2,5,3,5,-2
1358067,0,1,1,4,6,7,7,9,-2
1358177,1,1,1,2,3,5,4,7,-3
1358415,1,2,3,6,3,8,3,8,-5
1358540,0,0,1,3,6,7,6,8,-2
1359499,0,2,2,3,5,6,2,5,-3
1359790,0,1,2,5,5,8,6,9,-3
1359803,0,0,1,1,3,3,4,9,-5
1359872,0,2,2,4,7,8,6,10,-4
1359930,0,1,0,2,4,6,3,7,-4
1360723,0,2,2,2,4,5,5,8,-3
1361212,1,1,2,4,3,7,2,5,-3
1361329,0,2,3,5,6,9,6,9,-3
1362578,0,1,2,3,6,7,6,10,-4
1362638,0,1,1,3,4,5,3,5,-2
1363027,1,3,2,3,6,7,5,9,-4
1363036,1,2,2,2,3,6,3,6,-3
1363181,1,0,3,1,3,4,5,10,-5
1364138,0,1,2,4,3,4,6,9,-3
1364234,0,2,2,5,4,7,3,7,-4
1364946,1,1,2,4,3,6,3,5,-2
1365164,1,1,2,3,4,4,5,8,-3
1365227,0,2,2,4,5,6,6,9,-3
1365645,0,1,1,2,4,8,7,9,-2
1365823,1,3,3,5,3,6,0,8,-8
1366129,0,1,2,2,3,5,4,8,-4
1366236,0,0,1,1,2,4,6,10,-4
1366952,0,2,3,4,4,7,5,9,-4
1367170,0,2,2,5,3,6,2,6,-4
1367230,0,3,3,4,4,5,2,5,-3
1367426,1,3,2,4,3,4,0,4,-4
1367499,0,2,1,5,2,7,3,4,-1
1367556,1,0,2,2,3,3,3,7,-4
1367739,0,2,1,3,2,5,3,8,-5
1368347,0,1,1,4,3,6,3,5,-2
1368365,0,2,2,4,2,6,3,4,-1
1369211,0,1,0,2,2,6,4,8,-4
1369810,1,2,1,2,3,3,4,10,-6
1370011,0,1,1,3,2,5,4,9,-5
1370778,1,1,2,5,3,7,4,10,-6
1371972,0,3,2,4,2,7,2,6,-4
1372183,0,1,1,4,2,7,7,10,-3
1374062,0,1,1,3,3,7,5,8,-3
1374798,0,1,3,3,4,6,6,9,-3
1374807,1,2,2,4,4,6,1,7,-6
1374848,0,2,1,4,5,9,6,9,-3
1375158,0,3,1,5,2,6,2,6,-4
1375193,1,1,3,4,5,6,3,6,-3
1375534,0,1,1,2,3,7,5,10,-5
1378522,1,2,3,5,3,6,3,5,-2
1378602,1,2,1,3,2,4,5,8,-3
1378879,0,1,0,2,1,3,2,5,-3
1379618,0,2,1,4,2,5,4,5,-1
1380582,0,0,2,2,3,5,4,8,-4
1380875,0,3,0,6,3,7,4,7,-3
1382795,0,1,2,1,3,7,7,10,-3
1383031,0,2,2,4,3,7,4,7,-3
1383250,0,2,1,4,2,7,3,7,-4
1383342,1,3,2,5,5,9,6,8,-2
1383494,0,0,0,1,3,5,6,9,-3
1384309,0,2,1,4,3,6,2,5,-3
1384739,0,1,1,3,4,6,1,5,-4
1385357,0,2,3,3,4,7,5,9,-4
1385687,0,1,1,2,2,7,5,9,-4
1385717,0,1,3,4,7,8,6,10,-4
1386066,0,2,2,5,5,8,5,8,-3
1386162,1,1,1,1,2,3,5,10,-5
1386303,0,2,3,4,4,7,3,6,-3
1387468,0,2,3,3,3,7,5,8,-3
1387805,0,2,1,4,3,5,1,6,-5
1387825,0,2,2,2,5,3,8,11,-3
1388501,1,1,2,4,3,4,1,5,-4
1389410,0,2,2,3,3,4,1,4,-3
1390048,0,3,1,4,3,6,0,6,-6
1390053,0,1,0,2,1,4,3,5,-2
1390130,0,0,1,3,4,4,4,8,-4
1390545,0,2,4,6,6,8,4,6,-2
1390652,0,1,1,1,2,4,5,9,-4
1390942,0,1,0,2,4,6,7,9,-2
1391950,0,3,2,4,4,9,5,8,-3
1392352,0,2,2,5,3,7,4,8,-4
1392781,0,1,1,2,3,6,4,9,-5
1392785,0,1,1,2,3,5,4,9,-5
1393132,0,2,1,3,2,6,4,9,-5
1393214,0,0,0,0,0,0,0,0,0
1393578,0,2,2,2,6,7,4,8,-4
1394054,0,1,1,2,2,5,4,7,-3
1394624,0,2,2,4,3,6,3,7,-4
1394942,0,2,1,4,3,6,3,7,-4
1394947,0,2,3,3,3,6,3,6,-3
1394973,0,2,1,2,4,5,6,9,-3
1395483,1,1,2,3,3,6,4,8,-4
1395731,0,2,2,3,4,4,7,10,-3
1396817,0,1,1,1,2,7,7,9,-2
1397664,0,1,0,1,1,8,6,11,-5
1397781,0,0,1,3,4,6,5,6,-1
1398091,2,2,3,7,5,9,5,6,-1
1398163,0,1,2,3,4,4,5,9,-4
1398261,1,2,2,5,7,9,6,10,-4
1399067,1,1,2,4,6,8,5,9,-4
1399084,0,1,3,6,5,9,5,8,-3
1399090,1,2,1,3,4,7,6,9,-3
1399737,0,3,2,4,3,8,3,8,-5
1399822,0,2,1,5,2,7,3,4,-1
1400314,1,1,1,3,3,7,4,6,-2
1400502,0,0,1,1,2,4,7,11,-4
1400692,0,1,1,2,3,4,4,8,-4
1401369,0,2,4,3,5,7,4,7,-3
1403054,1,2,2,3,4,6,2,5,-3
1403207,1,1,3,4,4,9,4,7,-3
1403817,1,0,2,3,5,6,5,9,-4
1403974,0,1,1,3,2,8,6,9,-3
1403996,1,1,2,1,2,1,3,9,-6
1404361,0,1,4,4,5,6,4,5,-1
1404483,0,2,1,2,3,7,4,9,-5
1404942,0,1,2,1,5,7,6,8,-2
1405502,0,0,1,2,3,5,6,9,-3
1406068,1,2,3,7,6,10,4,9,-5
1406132,0,2,1,4,2,5,2,6,-4
1406849,0,1,2,3,3,4,2,4,-2
1408655,0,1,1,1,2,3,7,10,-3
1408657,0,0,1,2,3,5,5,9,-4
1408675,0,2,0,4,4,8,5,9,-4
1409034,0,1,0,1,2,7,5,8,-3
1409145,0,1,1,3,2,7,4,8,-4
1409283,0,1,2,2,3,5,5,9,-4
1409837,0,0,2,2,2,3,8,11,-3
1409920,0,3,1,5,4,8,4,8,-4
1410164,1,2,2,4,5,10,5,9,-4
1410525,1,1,1,1,2,2,5,9,-4
1410641,0,0,0,1,3,2,7,11,-4
1410991,1,4,2,6,5,8,2,5,-3
1411094,1,2,2,4,4,7,1,4,-3
1411346,0,2,1,6,5,10,6,9,-3
1411618,0,1,1,3,2,5,2,6,-4
1412424,1,2,1,3,2,8,4,7,-3
1412590,0,1,1,2,3,7,3,8,-5
1413890,1,2,4,4,4,6,4,9,-5
1414033,1,2,3,4,3,8,2,4,-2
1414570,1,0,2,6,4,7,3,5,-2
1414594,1,2,1,4,1,4,0,2,-2
1414735,0,1,1,3,3,5,5,4,1
1415544,0,0,1,2,3,5,6,9,-3
1415767,0,1,1,2,3,5,5,8,-3
1416481,0,2,2,2,4,7,6,10,-4
1416632,0,4,4,5,4,7,2,6,-4
1417432,0,1,2,3,6,7,6,10,-4
1417574,1,1,3,4,3,9,5,6,-1
1417782,2,3,4,5,6,8,4,8,-4
1417792,0,1,1,2,1,5,3,5,-2
1417899,0,0,1,1,2,3,6,10,-4
1418311,0,1,1,4,4,7,3,7,-4
1418787,0,1,0,1,2,5,6,9,-3
1419404,0,1,2,2,3,6,6,10,-4
1419822,0,2,3,4,6,8,5,9,-4
1419967,2,1,4,7,6,10,2,6,-4
1420364,0,2,2,4,3,7,2,4,-2
1420501,0,0,1,3,2,5,4,6,-2
1420615,0,1,1,3,5,7,5,10,-5
1421133,1,1,1,5,2,5,1,5,-4
1421361,0,1,1,2,3,5,6,10,-4
1421481,1,1,2,4,3,6,2,6,-4
1421706,0,1,2,2,4,4,4,8,-4
1422323,1,4,2,5,3,6,2,5,-3
1422474,1,2,1,4,4,6,4,7,-3
1422918,0,1,1,5,3,6,3,6,-3
1423972,0,2,2,7,4,10,5,7,-2
1424093,0,0,0,0,0,0,0,0,0
1424128,0,2,0,5,1,5,2,4,-2
1424349,0,0,0,0,0,0,0,0,0
1424370,0,1,1,3,2,5,4,6,-2
1424831,0,2,1,3,2,5,2,5,-3
1424855,1,2,1,5,2,6,5,6,-1
1424879,0,3,2,4,3,4,1,5,-4
1425345,0,2,3,5,4,6,1,5,-4
1425749,0,1,2,4,3,5,4,6,-2
1426818,1,1,2,5,4,6,2,5,-3
1427322,0,1,0,1,4,6,4,7,-3
1427670,1,1,2,2,4,6,4,9,-5
1427899,1,1,2,4,4,6,5,6,-1
1428142,0,1,2,2,4,6,4,9,-5
1428720,1,2,3,4,5,9,6,8,-2
1428765,0,2,2,2,3,4,3,7,-4
1429030,0,1,0,2,2,4,3,4,-1
1429264,0,0,0,3,2,4,2,5,-3
1429393,1,2,1,3,4,6,3,5,-2
1429425,0,0,1,4,3,7,5,9,-4
1429443,0,4,0,6,1,7,1,6,-5
1429731,1,1,2,3,5,6,5,8,-3
1431744,0,1,0,2,3,4,7,11,-4
1432313,0,1,1,4,4,6,3,8,-5
1434320,1,2,1,3,3,8,5,8,-3
1434519,0,2,3,5,4,8,4,8,-4
1434633,0,1,3,6,6,9,6,9,-3
1434661,0,0,1,1,1,1,0,1,-1
1435461,2,1,3,5,5,7,4,6,-2
1435879,0,1,0,2,3,7,6,8,-2
1436257,1,3,1,5,3,8,4,7,-3
1436814,0,3,2,7,4,8,4,9,-5
1437650,0,1,1,3,4,4,4,10,-6
1438166,1,2,2,3,6,8,3,10,-7
1439460,0,1,1,3,5,5,6,10,-4
1439583,0,0,0,3,2,4,4,10,-6
1439896,0,2,1,4,2,6,5,8,-3
1439900,1,0,1,2,5,6,7,9,-2
1440156,0,1,1,1,3,7,9,11,-2
1440750,0,1,2,4,3,6,4,6,-2
1440775,1,1,1,1,1,1,7,9,-2
1440891,0,0,1,5,3,7,1,5,-4
1441739,0,2,1,4,3,7,2,5,-3
1442145,0,0,2,4,6,7,6,8,-2
1442206,0,2,1,3,2,6,4,8,-4
1442379,0,2,2,6,4,7,3,6,-3
1442530,0,2,2,4,2,5,4,5,-1
1442616,0,1,2,2,4,5,5,10,-5
1442824,1,1,1,3,2,3,0,1,-1
1443434,1,2,2,3,2,5,1,5,-4
1443445,1,2,2,5,4,6,4,6,-2
1444084,1,0,2,4,3,6,3,8,-5
1444358,0,2,1,4,4,6,1,5,-4
1444415,1,1,2,4,6,8,5,9,-4
1444500,0,1,0,2,2,6,4,7,-3
1444583,0,2,2,3,5,8,6,9,-3
1444783,0,3,2,6,4,9,5,9,-4
1445645,0,3,3,5,4,7,2,5,-3
1446183,1,1,2,4,6,6,3,6,-3
1446243,0,1,3,4,5,8,4,8,-4
1447759,1,1,1,4,2,6,5,9,-4
1448169,0,1,1,4,4,6,5,10,-5
1448545,1,1,1,3,2,6,5,8,-3
1449592,1,2,3,5,7,9,6,11,-5
1449775,0,0,1,3,3,5,5,10,-5
1449877,1,1,2,2,4,6,6,10,-4
1450228,0,2,2,2,3,5,5,9,-4
1450296,2,1,2,4,4,6,1,6,-5
1450645,0,2,2,4,4,7,5,10,-5
1450689,1,2,3,5,4,7,3,6,-3
1450716,1,2,2,5,3,8,3,6,-3
1450935,0,2,3,6,4,7,3,5,-2
1450967,0,2,3,4,3,6,2,5,-3
1451063,1,2,3,4,5,7,4,7,-3
1451144,0,2,2,5,4,8,4,7,-3
1451145,1,1,2,3,2,5,2,2,0
1451402,0,1,0,2,1,6,4,8,-4
1451848,0,0,2,2,5,5,7,11,-4
1452004,0,0,1,3,1,6,5,7,-2
1452886,0,1,1,1,1,2,8,11,-3
1452903,0,1,0,3,5,7,6,9,-3
1453378,0,1,2,3,4,6,5,7,-2
1453563,1,4,1,5,2,6,2,4,-2
1453880,0,1,1,2,2,4,4,8,-4
1454586,0,2,3,2,5,9,8,11,-3
1454816,0,0,0,1,0,1,0,0,0
1456383,1,1,1,4,2,7,4,8,-4
1456897,1,0,1,1,1,1,1,6,-5
1456955,0,1,1,3,1,4,1,3,-2
1457674,0,1,1,2,4,4,2,6,-4
1457747,0,4,1,5,2,7,3,5,-2
1457877,0,0,1,4,3,4,6,11,-5
1458205,0,1,2,3,2,5,1,5,-4
1459223,0,1,1,2,3,7,3,6,-3
1459698,0,3,1,5,5,6,2,6,-4
1459888,1,1,2,6,3,6,2,5,-3
1460380,0,1,2,3,6,7,5,9,-4
1460915,0,1,0,2,5,6,8,10,-2
1460975,1,1,1,4,2,5,2,3,-1
1461836,1,1,1,2,3,6,6,9,-3
1462892,0,0,1,1,2,3,6,10,-4
1463012,2,5,3,8,7,9,4,8,-4
1463052,0,2,3,5,4,6,3,4,-1
1463315,0,2,2,4,4,6,5,6,-1
1464614,0,3,2,5,3,8,4,8,-4
1464627,0,3,1,5,2,7,4,7,-3
1464839,1,2,1,6,2,7,3,5,-2
1465061,1,1,2,4,4,8,2,8,-6
1466083,0,0,0,1,1,2,8,11,-3
1466406,0,1,2,2,3,5,5,10,-5
1466583,0,2,1,4,3,6,3,6,-3
1466730,0,1,3,2,3,4,5,9,-4
1466906,0,2,1,3,3,7,6,10,-4
1467048,0,1,2,3,6,9,5,11,-6
1467338,0,1,1,1,3,4,8,11,-3
1468274,0,2,2,6,3,6,2,6,-4
1468447,0,1,2,3,4,7,6,9,-3
1468884,0,1,2,4,3,8,6,10,-4
1470095,1,2,3,3,5,7,3,10,-7
1470484,0,1,2,2,4,5,3,9,-6
1470964,0,1,1,4,3,8,3,5,-2
1471108,0,1,3,5,6,7,5,8,-3
1472021,1,1,3,3,6,7,6,9,-3
1472540,1,2,1,4,2,4,1,3,-2
1472917,0,1,1,4,2,6,2,5,-3
1473365,0,1,1,4,3,5,2,6,-4
1473385,1,2,3,3,4,4,3,5,-2
1473920,0,0,1,4,3,5,2,5,-3
1474352,1,1,2,4,3,7,2,6,-4
1474560,0,1,2,3,3,6,3,7,-4
1474672,0,2,2,4,3,8,4,9,-5
1475092,0,2,1,2,1,6,4,9,-5
1475241,1,1,1,4,2,7,3,5,-2
1475777,0,2,1,5,3,7,3,6,-3
1476515,0,2,2,3,3,7,2,7,-5
1476542,1,3,3,7,6,10,4,6,-2
1476585,0,1,0,4,3,8,3,6,-3
1476716,0,1,1,2,3,6,2,7,-5
1476819,0,2,0,2,2,3,4,8,-4
1476963,1,1,2,3,2,4,2,4,-2
1477362,0,1,2,3,2,6,5,9,-4
1478285,1,1,2,2,4,5,5,8,-3
1478289,1,3,2,4,5,7,4,9,-5
1478863,0,2,2,4,4,7,3,5,-2
1479412,0,1,1,2,5,6,5,10,-5
1479907,0,1,1,2,3,6,5,9,-4
1479955,0,2,1,6,2,8,4,9,-5
1481525,1,2,2,6,3,7,2,4,-2
1481556,0,0,0,3,2,5,5,8,-3
1482061,1,2,3,2,5,7,4,9,-5
1482072,0,1,0,1,2,6,7,9,-2
1482383,1,2,1,3,3,5,7,8,-1
1482584,0,1,0,2,2,7,5,8,-3
1482765,3,2,3,7,5,8,5,5,0
1483448,1,1,3,4,3,4,0,3,-3
1483467,1,1,1,2,3,5,4,7,-3
1485374,1,0,2,4,5,6,4,7,-3
1486128,0,1,0,4,3,5,3,7,-4
1486179,0,3,0,4,1,5,2,3,-1
1486347,0,0,0,0,0,0,0,0,0
1486492,0,2,2,5,5,9,4,10,-6
1486959,0,0,0,2,3,6,7,10,-3
1487442,0,1,2,2,5,6,5,9,-4
1487491,0,0,0,3,2,4,6,9,-3
1487513,0,1,1,4,3,6,3,5,-2
1487866,0,0,1,3,3,5,4,7,-3
1488217,0,2,2,4,3,8,6,9,-3
1488341,0,0,1,0,2,1,9,11,-2
1488349,1,2,2,2,3,8,4,9,-5
1490674,0,1,2,2,5,6,4,9,-5
1491015,1,2,2,4,3,8,5,7,-2
1492869,0,1,0,2,4,4,5,8,-3
1493023,0,2,1,3,1,4,4,8,-4
1493379,1,2,2,3,3,4,1,1,0
1493597,1,1,1,3,4,6,4,6,-2
1493987,1,2,2,3,2,5,4,7,-3
1494171,0,1,1,3,4,7,6,9,-3
1494193,1,1,2,3,5,5,5,6,-1
1494446,0,1,3,3,3,6,4,9,-5
1494497,0,1,2,3,3,4,1,3,-2
1494781,1,1,2,2,4,8,4,7,-3
1495136,1,1,1,2,3,5,6,7,-1
1496807,0,1,1,3,3,6,3,7,-4
1496890,0,1,2,3,3,5,1,4,-3
1497152,1,2,2,5,2,6,1,5,-4
1497219,0,2,1,5,2,6,1,5,-4
1497995,0,0,2,3,2,4,4,8,-4
1498483,1,2,2,5,5,6,3,6,-3
1498582,0,0,1,2,3,3,6,10,-4
1498931,1,3,2,3,4,7,5,8,-3
1499438,0,0,2,2,2,3,4,8,-4
1499739,0,1,2,4,3,6,5,9,-4
1499898,1,2,3,5,4,5,3,7,-4
1500320,0,3,3,5,6,8,6,8,-2
1500417,1,1,3,4,5,8,6,9,-3
1500852,0,3,0,4,0,5,1,5,-4
1501054,0,1,2,6,3,7,2,8,-6
1501209,0,1,0,4,4,7,6,9,-3
1501478,0,3,1,5,2,6,2,6,-4
1501692,0,1,1,4,5,5,5,7,-2
1501810,0,0,1,2,3,7,5,8,-3
1502938,0,3,1,5,4,6,3,7,-4
1502955,0,1,1,3,1,5,2,8,-6
1503090,0,0,1,2,3,6,4,8,-4
1503548,0,2,1,4,5,8,5,9,-4
1503705,1,1,2,2,3,2,5,11,-6
1503956,0,1,0,1,2,6,4,7,-3
1504680,0,1,1,3,2,4,1,6,-5
1504848,1,2,3,6,4,10,5,9,-4
1505117,0,1,0,3,3,8,6,10,-4
1505423,0,2,3,4,4,5,4,8,-4
1506294,1,1,2,3,6,7,6,9,-3
1507082,0,1,1,3,3,7,5,10,-5
1507179,1,2,1,4,3,8,2,5,-3
1507339,0,2,1,4,4,7,6,10,-4
1507439,0,1,0,3,4,4,4,7,-3
1507512,0,1,1,1,3,3,7,11,-4
1507750,2,2,2,6,3,9,4,8,-4
1508147,1,1,2,2,2,4,0,3,-3
1508255,1,0,2,2,3,2,4,5,-1
1509541,0,1,2,4,5,8,4,9,-5
1509614,0,2,0,4,3,7,3,6,-3
1509657,0,2,1,4,3,4,3,8,-5
1509708,0,1,2,4,5,6,4,6,-2
1510244,1,2,2,6,4,8,3,5,-2
1510765,0,3,2,6,3,7,3,7,-4
1510804,0,0,1,1,3,3,8,9,-1
1511209,0,1,0,2,1,5,2,7,-5
1512234,0,0,1,3,2,3,1,4,-3
1513049,0,1,2,4,2,6,5,7,-2
1514507,0,2,0,3,3,6,1,4,-3
1514955,1,1,1,2,4,7,5,10,-5
1515146,1,1,1,4,2,5,2,4,-2
1515161,0,0,0,1,0,3,8,11,-3
1515310,0,1,1,4,4,8,5,9,-4
1515535,0,2,1,4,2,5,1,5,-4
1515989,1,2,2,6,6,10,6,9,-3
1516283,0,1,1,2,3,7,4,7,-3
1516306,0,1,0,4,5,8,5,9,-4
1516365,0,1,1,2,2,8,6,10,-4
1516785,0,2,4,6,4,7,4,7,-3
1517491,0,1,2,3,2,7,4,7,-3
1517847,0,1,2,4,3,7,7,9,-2
1517921,1,1,1,3,2,5,7,10,-3
1517992,0,1,0,3,3,5,3,7,-4
1518013,1,1,2,5,3,6,2,4,-2
1518349,0,1,1,2,2,6,5,8,-3
1518438,0,2,2,6,5,7,4,6,-2
1519174,0,1,1,4,3,8,5,9,-4
1520012,0,1,0,3,2,6,3,6,-3
3362938,0,0,1,2,4,5,7,10,-3
3543853,1,1,2,3,3,8,3,7,-4
4831422,1,3,1,5,3,5,0,3,-3
5161939,1,3,2,4,4,6,2,5,-3
5609033,1,3,1,3,2,5,2,5,-3
5610121,0,1,2,2,5,4,6,9,-3
5610500,0,1,1,2,4,5,5,7,-2
5611658,1,3,2,4,4,7,3,6,-3
5612585,1,1,2,4,2,6,2,7,-5
5613123,0,1,1,4,3,5,1,5,-4
5613809,0,0,0,1,3,4,6,10,-4
5614244,0,0,2,2,7,6,7,9,-2
5614869,0,2,2,8,3,9,4,7,-3
5616593,0,1,2,1,3,6,3,7,-4
5616749,1,2,4,6,6,8,5,7,-2
5616893,1,4,1,5,3,6,1,3,-2
5617078,1,1,1,4,2,5,4,7,-3
5617360,1,0,2,2,3,4,8,11,-3
5617410,1,1,1,2,3,3,6,10,-4
5617883,0,3,1,3,4,6,5,9,-4
5618439,1,1,1,2,4,4,6,9,-3
5618523,0,1,1,2,3,5,4,9,-5
5618873,2,3,3,4,5,8,2,7,-5
5619157,0,2,2,7,3,7,3,6,-3
5619504,0,1,2,3,5,5,5,9,-4
5619732,0,1,1,2,5,8,5,9,-4
5620362,0,0,1,4,3,5,6,9,-3
5620801,1,1,2,6,2,8,2,5,-3
5621149,1,1,1,3,3,4,3,7,-4
5621713,0,2,2,4,5,7,5,7,-2
5622667,1,1,2,3,2,3,0,4,-4
5622856,0,0,0,2,2,4,6,11,-5
5623347,0,2,2,5,4,8,3,6,-3
5623636,1,0,1,1,3,5,5,9,-4
5625121,0,2,2,2,3,5,4,7,-3
5625165,0,1,1,2,3,4,7,9,-2
5625932,1,3,2,6,3,8,3,6,-3
5627986,0,2,2,5,5,8,6,10,-4
5628871,0,3,1,5,3,7,3,5,-2
5629024,0,2,2,2,3,5,5,8,-3
5629164,1,2,1,3,1,4,0,2,-2
5629731,1,4,2,7,2,8,1,5,-4
5629878,0,2,0,4,3,7,4,6,-2
5629918,1,2,2,5,3,6,1,3,-2
5630480,0,2,1,3,2,7,3,7,-4
5630754,0,1,0,2,1,5,4,7,-3
5632536,2,1,5,5,5,8,4,9,-5
5632842,0,0,1,2,2,3,4,9,-5
5633579,0,2,1,5,2,5,1,3,-2
5634322,1,1,1,4,3,7,1,5,-4
5634431,0,2,1,3,3,8,3,7,-4
5634622,0,2,1,4,2,5,2,6,-4
5634704,0,1,1,4,4,8,5,9,-4
5635118,0,3,3,7,3,8,4,5,-1
5636345,0,2,3,3,6,7,7,10,-3
5636920,1,1,2,1,2,2,1,5,-4
5637096,2,3,3,5,4,5,3,6,-3
5637141,1,2,1,4,2,7,2,5,-3
5638479,1,2,2,2,4,6,8,11,-3
5638621,0,0,1,3,3,3,7,10,-3
5638662,0,2,2,4,3,7,4,7,-3
5638696,0,1,2,3,3,5,5,8,-3
5638790,0,2,1,3,1,5,2,4,-2
5639145,0,1,1,4,4,9,4,9,-5
5639645,0,2,5,5,6,10,7,10,-3
5640024,1,1,1,3,3,7,5,10,-5
5640317,0,1,1,4,3,6,3,5,-2
5641516,0,2,1,4,3,7,1,5,-4
5642124,0,1,2,3,4,7,5,9,-4
5642292,0,1,2,2,2,2,2,5,-3
5642993,2,1,3,4,6,7,6,9,-3
5643559,1,1,1,3,4,7,4,7,-3
5643774,1,1,2,6,4,7,3,7,-4
5644417,0,1,2,5,2,6,3,5,-2
5644464,0,0,1,2,4,3,6,10,-4
5644838,1,2,2,4,3,6,4,4,0
5644917,0,1,0,3,2,5,5,8,-3
5644954,0,3,1,4,4,9,3,8,-5
5645630,0,1,2,2,3,5,6,10,-4
5646414,1,2,4,6,4,8,4,8,-4
5646683,0,1,1,3,3,6,6,10,-4
5646806,1,2,2,4,3,6,0,5,-5
5646992,0,2,2,3,2,6,4,8,-4
5647776,1,2,1,2,1,3,2,6,-4
5649127,0,1,2,4,3,7,4,5,-1
5649566,0,1,2,6,3,7,4,6,-2
5650301,1,4,1,5,3,7,2,4,-2
5651035,0,2,2,3,3,7,3,8,-5
5651302,0,2,0,4,3,7,6,8,-2
5651413,0,2,2,4,3,6,2,4,-2
5651491,0,2,0,2,2,6,3,6,-3
5652271,1,0,1,1,2,2,8,11,-3
5652912,0,1,1,3,6,7,7,9,-2
5653100,0,1,1,3,3,7,6,9,-3
5654398,0,1,1,2,3,4,6,11,-5
5655680,0,1,1,2,2,5,4,9,-5
5655750,0,1,2,5,3,7,2,6,-4
5655838,1,3,3,4,5,7,3,7,-4
5656001,0,2,2,3,5,7,5,10,-5
5656006,1,3,2,4,4,7,3,7,-4
5656244,0,0,1,2,5,7,3,7,-4
5656326,1,1,2,3,2,6,2,5,-3
5656529,0,1,1,4,2,4,0,3,-3
5656607,0,1,0,3,3,5,6,8,-2
5656608,0,1,0,1,4,4,7,10,-3
5656776,0,2,1,4,5,7,5,9,-4
5656862,0,2,3,7,5,8,4,8,-4
5657148,1,3,2,5,2,6,3,6,-3
5658134,0,2,2,4,5,7,3,7,-4
5659013,1,2,2,6,4,7,2,7,-5
5659039,1,1,2,3,4,4,5,6,-1
5659833,1,2,1,4,4,7,2,6,-4
5659892,0,2,2,4,5,7,6,7,-1
5660528,0,1,1,1,3,4,8,11,-3
5660843,0,1,1,2,4,9,5,9,-4
5661095,0,1,1,3,3,5,4,6,-2
5661395,1,0,1,1,2,3,4,5,-1
5661755,0,1,0,2,3,6,2,6,-4
5662191,1,2,3,4,5,8,6,8,-2
5662457,0,1,1,4,5,8,4,6,-2
5662834,1,1,1,2,3,4,7,10,-3
5662887,1,1,2,2,2,5,5,10,-5
5663584,0,1,2,3,3,6,1,5,-4
5663829,0,2,3,6,4,8,4,5,-1
5663930,0,3,2,5,4,8,3,8,-5
5664551,0,1,1,3,3,5,5,8,-3
5664619,0,3,2,5,4,8,5,9,-4
5664685,1,1,3,2,3,4,4,8,-4
5665281,0,1,1,1,3,5,5,9,-4
5665288,0,1,1,2,6,7,6,10,-4
5666198,0,0,1,3,2,6,2,5,-3
5666748,0,0,1,3,3,5,4,5,-1
5666836,1,1,2,4,5,7,5,5,0
5667805,0,0,2,1,2,4,6,9,-3
5668099,0,2,2,5,2,5,1,4,-3
5668117,0,2,1,3,2,7,4,6,-2
5668326,0,1,1,2,6,8,8,11,-3
5669663,0,2,0,4,5,7,5,8,-3
5669689,0,1,0,1,1,4,0,2,-2
5669710,0,2,2,3,3,7,5,8,-3
5669860,1,2,2,4,5,9,4,8,-4
5671336,1,0,2,2,5,8,5,9,-4
5671752,1,1,1,4,2,6,1,5,-4
5671839,0,2,1,4,4,5,1,3,-2
5671869,0,1,1,5,2,6,2,5,-3
5671911,0,1,1,4,1,6,1,5,-4
5671925,1,1,2,4,5,7,4,7,-3
5672170,0,1,3,3,4,6,6,9,-3
5672268,1,0,1,1,1,1,0,3,-3
5672290,1,1,2,3,3,7,6,9,-3
5672386,1,2,2,2,4,6,2,7,-5
5672470,0,1,2,2,3,5,2,6,-4
5672750,1,2,1,3,2,8,6,9,-3
5672801,1,2,2,4,4,7,5,8,-3
5673253,0,2,2,3,4,7,6,9,-3
5673373,1,2,3,4,4,7,5,6,-1
5673672,0,1,1,4,5,7,6,9,-3
5674379,0,1,2,4,5,7,3,7,-4
5674573,0,1,0,2,5,7,6,10,-4
5674996,0,2,2,4,3,6,2,4,-2
5675131,1,2,1,4,1,4,1,4,-3
5675479,0,2,0,2,1,6,7,11,-4
5676119,1,3,1,4,1,6,1,4,-3
5676320,0,2,3,3,5,7,2,6,-4
5677364,0,2,1,4,3,7,5,9,-4
5678059,0,3,3,7,6,8,3,6,-3
5678096,0,0,0,0,0,0,0,0,0
5678836,0,1,0,3,4,7,5,8,-3
5678886,1,1,1,3,1,4,5,7,-2
5679013,0,1,1,3,2,5,3,7,-4
5679726,1,1,2,3,4,4,0,4,-4
5679989,1,1,1,5,3,7,4,9,-5
5680230,0,1,0,2,4,6,3,8,-5
5680521,0,3,2,6,5,8,4,7,-3
5682874,0,0,1,1,2,2,9,11,-2
5683128,1,1,2,3,5,7,4,7,-3
5683682,1,2,2,5,2,8,2,4,-2
5684288,0,0,3,3,5,6,4,6,-2
5684424,0,2,1,2,4,7,5,8,-3
5684772,0,0,1,2,1,5,4,10,-6
5687483,0,2,1,4,5,7,6,10,-4
5687623,0,0,0,0,0,0,0,0,0
5687656,0,1,2,1,4,3,6,11,-5
5687660,0,2,1,3,2,5,2,5,-3
5687904,1,1,2,3,3,4,8,11,-3
5688240,1,1,2,4,3,8,5,8,-3
5688416,0,1,1,3,5,7,4,9,-5
5688470,1,2,2,6,4,8,3,5,-2
5688677,1,2,1,4,2,7,3,4,-1
5689475,1,2,2,5,4,7,4,8,-4
5689815,0,3,3,5,5,7,5,6,-1
5689947,0,1,1,3,3,4,1,3,-2
5690397,0,2,1,3,1,7,3,7,-4
5690926,0,1,2,5,3,8,3,7,-4
5691185,0,1,1,4,2,7,6,8,-2
5691978,0,1,2,1,4,7,4,7,-3
5692162,0,1,2,4,4,7,3,8,-5
5692284,1,3,2,4,2,5,1,3,-2
5692606,0,1,1,1,2,2,9,10,-1
5692624,1,1,1,3,1,4,1,2,-1
5692808,0,1,1,2,2,4,4,8,-4
5693714,1,2,1,3,4,7,5,9,-4
5695056,0,2,1,2,3,4,2,4,-2
5695587,0,2,2,4,4,7,4,6,-2
5695689,3,5,6,6,6,9,4,5,-1
5696187,0,1,2,1,3,5,4,6,-2
5696276,1,1,3,5,5,6,5,9,-4
5696588,1,1,2,2,4,5,6,9,-3
5697694,0,3,2,5,3,6,3,6,-3
5698466,0,2,3,6,4,8,4,7,-3
5699088,0,3,1,4,2,5,1,5,-4
5699095,0,0,0,1,4,6,6,7,-1
5699288,0,2,1,3,2,5,2,4,-2
5700013,0,1,1,1,1,3,0,4,-4
5701395,0,1,0,2,3,6,7,10,-3
5701475,0,0,0,3,3,5,5,10,-5
5701766,0,2,1,4,2,5,1,4,-3
5702042,0,0,1,2,4,4,8,11,-3
5702467,0,3,2,5,4,8,4,7,-3
5702587,1,2,3,3,7,8,6,8,-2
5702669,0,1,1,2,5,7,6,9,-3
5703228,0,2,3,3,5,6,6,9,-3
5703453,0,1,1,5,3,7,2,7,-5
5704510,1,2,1,3,4,7,6,8,-2
5705551,1,1,3,4,4,6,4,6,-2
5706382,0,2,2,3,3,7,3,4,-1
5706552,0,1,1,1,3,6,6,9,-3
5706755,1,4,2,5,3,8,3,5,-2
5706785,1,2,3,4,4,8,6,9,-3
5706799,0,2,1,3,2,5,1,5,-4
5707456,1,1,2,3,3,7,6,10,-4
5707748,1,2,1,5,3,6,3,6,-3
5708014,1,0,2,0,3,3,7,10,-3
5708059,0,2,2,2,4,6,4,9,-5
5708141,1,1,1,5,3,8,4,9,-5
5708271,1,2,3,3,6,10,7,11,-4
5709520,0,1,1,2,3,3,6,10,-4
5709943,0,1,2,3,5,4,7,10,-3
5710072,0,1,0,1,2,4,6,10,-4
5710078,0,1,2,2,5,4,4,8,-4
5710108,0,1,0,2,2,6,7,10,-3
5710747,0,2,1,5,4,6,3,6,-3
5710850,1,1,3,4,3,4,2,5,-3
5712550,0,1,2,3,3,5,4,8,-4
5713236,0,2,2,5,4,6,2,6,-4
5713758,1,2,2,3,4,5,3,8,-5
5713812,0,2,1,2,4,5,5,10,-5
5714026,0,1,3,5,5,8,4,8,-4
5714187,1,0,2,6,3,6,2,5,-3
5714197,0,0,1,5,4,8,5,9,-4
5714579,0,1,2,3,3,6,6,11,-5
5714795,0,2,0,4,4,10,6,9,-3
5715266,0,1,1,3,2,6,3,7,-4
5715329,0,1,3,5,4,6,2,6,-4
5715797,2,1,3,4,3,6,4,6,-2
5715986,0,0,1,1,1,4,6,10,-4
5716686,0,1,1,2,2,3,7,9,-2
5717163,0,1,1,2,1,3,3,5,-2
5718565,0,1,1,3,2,7,5,9,-4
5718730,0,0,1,1,4,5,7,10,-3
5719201,0,2,2,3,3,5,5,10,-5
5720459,0,1,1,2,3,5,8,11,-3
5720467,1,0,2,1,3,3,7,10,-3
5720650,0,1,1,3,5,7,7,10,-3
5721879,0,1,1,6,4,6,3,7,-4
5722794,0,1,0,3,4,6,5,9,-4
5722830,0,3,0,4,1,6,1,4,-3
5722912,0,2,0,4,3,6,4,6,-2
5723060,0,0,1,0,1,2,4,6,-2
5723127,1,3,3,4,3,5,1,4,-3
5723242,0,1,1,3,1,5,2,5,-3
5723701,1,2,1,5,3,5,1,5,-4
5723813,1,2,2,4,7,8,7,9,-2
5724405,0,2,1,3,4,7,4,8,-4
5724999,0,2,1,2,5,5,5,8,-3
5725175,0,2,0,4,1,7,2,5,-3
5725775,1,1,2,2,3,7,5,8,-3
5725858,0,0,0,2,4,6,4,7,-3
5725988,0,1,2,6,3,8,5,10,-5
5726421,0,0,1,2,3,6,6,9,-3
5726626,0,1,0,2,1,3,2,5,-3
5726813,0,0,1,1,2,3,7,11,-4
5727034,0,0,2,2,4,5,3,8,-5
5727038,0,0,1,3,2,3,2,5,-3
5727362,0,1,2,7,3,7,1,4,-3
5727444,0,2,1,5,2,5,3,7,-4
5727577,0,1,1,3,2,5,4,7,-3
5728415,0,1,2,4,2,7,3,5,-2
5728781,0,0,2,3,2,5,1,4,-3
5729215,0,0,2,2,4,4,6,9,-3
5730016,0,2,1,4,3,6,6,10,-4
5730201,0,2,1,2,1,3,0,1,-1
5731181,0,1,1,3,4,8,5,8,-3
5733440,0,1,0,3,2,7,4,7,-3
5733705,0,1,1,4,4,7,6,9,-3
5733914,0,1,1,3,2,4,2,5,-3
5734009,0,2,3,5,5,7,3,7,-4
5734348,1,3,3,6,5,8,6,8,-2
5736768,0,1,3,6,5,7,3,4,-1
5737743,0,0,2,2,4,5,7,10,-3
5738198,0,2,2,3,4,7,3,8,-5
5738786,0,0,1,4,2,6,3,5,-2
5740088,0,1,0,5,1,6,3,5,-2
5741018,1,0,2,3,4,7,6,9,-3
5741566,0,1,0,2,1,4,5,9,-4
5741804,0,2,2,5,4,8,5,5,0
5742702,1,3,2,7,5,8,5,6,-1
5743708,1,3,2,5,3,8,4,9,-5
5743773,0,1,2,3,4,3,2,3,-1
5744874,0,1,0,3,2,6,4,7,-3
5744889,0,1,2,3,2,4,1,2,-1
5745037,0,3,2,7,2,7,2,5,-3
5745875,0,1,1,6,3,6,3,5,-2
5746024,1,2,1,3,4,7,3,8,-5
5746248,0,2,1,4,2,5,3,7,-4
5746849,0,2,1,3,3,6,4,6,-2
5747139,0,2,0,3,0,4,2,4,-2
5747192,2,2,3,6,6,8,4,8,-4
5747779,0,1,2,4,4,9,5,9,-4
5748157,0,3,4,7,4,8,2,5,-3
5748547,0,2,1,3,3,5,3,6,-3
5748553,1,1,1,2,3,5,8,11,-3
5749120,0,2,2,5,4,7,3,9,-6
5751536,0,1,2,3,4,8,6,9,-3
5751578,0,2,1,3,1,6,0,2,-2
5752033,0,0,0,3,2,3,2,4,-2
5752749,1,3,3,5,3,8,4,6,-2
5752888,0,1,0,3,3,6,6,9,-3
5753563,0,1,1,3,2,5,0,2,-2
5754082,0,0,0,1,1,2,5,9,-4
5755388,0,1,1,2,3,5,2,7,-5
5755955,0,2,1,5,3,9,6,9,-3
5756020,1,1,1,1,2,1,5,11,-6
5756479,0,2,3,3,6,6,5,9,-4
5757186,0,3,2,5,4,7,4,9,-5
5757408,0,0,0,3,2,6,3,7,-4
5757582,0,2,1,5,2,7,1,4,-3
5758505,0,1,0,3,4,7,5,6,-1
5758797,1,1,1,4,2,4,5,5,0
5760009,0,1,2,4,3,8,4,5,-1
5760281,0,0,0,1,1,1,7,11,-4
5760454,1,1,1,3,1,7,5,8,-3
5761361,0,1,2,5,4,8,3,5,-2
5761534,0,1,2,3,3,5,2,4,-2
5761655,1,0,1,1,3,2,6,10,-4
5761680,0,0,2,1,3,2,6,10,-4
5762776,1,3,2,6,4,8,6,7,-1
5762826,0,2,1,3,3,7,6,9,-3
5763877,0,1,2,1,2,3,1,3,-2
5765160,0,0,1,3,3,7,6,9,-3
5765422,0,2,2,4,5,7,7,10,-3
5765558,0,1,0,4,4,5,3,5,-2
5766064,0,1,1,4,5,8,6,8,-2
5766426,0,1,2,2,3,4,6,11,-5
5767341,0,1,2,3,2,4,5,10,-5
5767343,0,2,1,4,4,9,3,8,-5
5767973,0,2,0,4,1,6,0,7,-7
5768653,0,2,1,3,3,5,4,6,-2
5770371,0,1,1,4,3,4,3,6,-3
5770378,0,3,3,3,4,6,5,9,-4
5770643,0,4,2,5,6,9,4,9,-5
5770683,0,2,1,4,1,6,3,5,-2
5770781,0,1,0,2,3,3,5,10,-5
5771277,0,2,2,5,7,9,6,8,-2
5771295,0,1,3,2,4,6,8,10,-2
5771613,0,1,2,4,2,7,5,9,-4
5772116,0,0,3,2,4,8,6,11,-5
5772869,1,1,1,1,2,3,8,11,-3
5773684,0,0,2,2,3,4,7,11,-4
5773934,0,1,2,3,2,3,3,6,-3
5774088,0,2,2,4,3,6,4,7,-3
5774412,0,1,1,4,3,6,3,8,-5
5774524,0,1,2,4,5,7,4,7,-3
5774832,1,1,2,3,5,7,7,9,-2
5775461,0,1,1,4,4,6,4,7,-3
5775604,0,2,2,2,3,6,6,11,-5
5775684,0,2,2,5,3,7,3,6,-3
5776400,0,0,0,1,4,5,5,9,-4
5776559,0,0,1,2,2,5,5,8,-3
5776645,0,1,0,3,3,8,5,8,-3
5776779,1,1,2,3,3,6,4,8,-4
5777452,0,0,3,4,4,6,3,6,-3
5778085,0,1,3,3,3,6,6,10,-4
5778527,0,1,1,1,2,3,5,10,-5
5779355,1,4,3,7,3,7,2,5,-3
5779425,0,1,1,4,3,6,0,4,-4
5779444,1,0,1,4,4,5,2,4,-2
5779500,0,1,1,2,2,4,5,10,-5
5779601,1,1,1,3,3,6,4,8,-4
5779605,1,2,2,5,3,7,4,5,-1
5779881,0,0,0,2,2,2,2,8,-6
5780961,0,3,2,6,3,6,3,5,-2
5781019,0,0,1,2,4,5,5,8,-3
5781159,1,1,1,2,5,8,7,11,-4
5781649,0,1,0,2,5,8,8,11,-3
5781685,0,2,0,3,0,4,1,2,-1
5781876,1,2,3,3,4,6,5,9,-4
5782238,0,0,0,3,3,6,4,9,-5
5782650,1,1,2,4,4,7,2,7,-5
5783187,0,1,1,3,5,7,5,8,-3
5783772,1,0,1,1,1,2,2,4,-2
5783928,0,1,0,1,2,4,7,10,-3
5783946,1,2,2,4,4,6,3,5,-2
5784579,1,2,3,4,4,9,4,9,-5
5784612,0,2,1,3,3,6,2,4,-2
5784865,0,2,1,5,3,9,3,6,-3
5784896,0,2,3,4,5,8,3,5,-2
5784964,1,1,3,3,4,7,6,9,-3
5786599,0,0,1,2,2,3,4,8,-4
5786955,1,2,1,3,1,3,0,4,-4
5786988,0,1,0,3,1,4,5,11,-6
5787032,1,2,1,4,5,6,7,11,-4
5787108,0,1,1,1,4,4,1,4,-3
5787373,0,1,2,3,3,5,2,8,-6
5789356,0,0,1,4,1,7,3,5,-2
5789382,0,2,2,4,6,7,5,8,-3
5789718,0,1,1,3,1,6,1,3,-2
5789843,0,1,1,4,5,7,5,7,-2
5789904,0,1,1,3,2,5,4,8,-4
5790204,0,1,1,3,2,6,3,8,-5
5791426,0,1,0,1,3,4,8,10,-2
5792499,0,2,3,4,4,7,2,6,-4
5793075,0,1,1,2,3,5,8,11,-3
5793637,0,0,3,4,4,8,7,10,-3
5793943,1,1,1,3,4,5,6,10,-4
5794177,0,2,2,4,3,8,3,9,-6
5794206,0,0,0,1,2,4,5,9,-4
5794448,0,0,0,2,2,6,4,8,-4
5794953,1,3,2,5,2,5,2,4,-2
5795828,0,3,1,3,3,7,5,8,-3
5796318,0,1,0,1,2,3,6,8,-2
5796594,0,0,1,2,3,5,4,7,-3
5797066,0,0,0,1,2,4,4,9,-5
5797146,1,2,2,4,3,7,6,7,-1
5797960,0,1,0,3,0,5,1,5,-4
5798494,0,1,1,3,3,6,6,10,-4
5798842,1,2,2,3,4,6,5,9,-4
5799201,0,1,3,4,4,8,4,9,-5
5799252,1,2,3,3,4,8,3,9,-6
5799840,0,5,4,8,6,10,4,11,-7
5801696,0,1,1,4,3,5,7,10,-3
5802141,1,2,2,2,2,3,8,10,-2
5802525,1,0,1,0,1,0,6,10,-4
5803024,0,1,0,2,0,3,0,2,-2
5803979,0,1,3,4,4,6,4,7,-3
5804106,1,3,2,6,4,9,4,5,-1
5804558,1,0,1,2,2,6,5,9,-4
5804686,0,2,1,3,2,5,2,4,-2
5804690,0,2,2,4,3,7,1,3,-2
5804840,0,0,1,0,3,3,4,7,-3
5804865,0,1,0,4,2,5,3,5,-2
5806008,0,2,0,3,5,7,5,10,-5
5808011,0,1,1,4,3,8,5,9,-4
5808064,0,0,1,3,2,3,6,9,-3
5808254,0,1,0,4,3,6,3,4,-1
5808527,0,1,0,1,2,3,7,10,-3
5809006,1,1,1,2,3,4,4,8,-4
5809116,1,2,2,4,2,5,2,5,-3
5809351,1,1,1,4,3,5,4,8,-4
5809428,0,0,0,4,1,6,0,5,-5
5810678,0,0,0,1,3,2,7,11,-4
5810791,0,1,3,3,5,7,3,10,-7
5810923,0,3,0,5,2,7,2,4,-2
5811307,0,1,3,5,5,8,7,10,-3
5811618,0,1,1,4,4,6,4,8,-4
5812269,0,1,2,3,4,8,6,10,-4
5812423,0,2,2,6,4,8,5,6,-1
5812809,0,1,1,3,1,5,2,6,-4
5812962,0,3,2,6,2,8,2,5,-3
5813005,0,1,2,4,5,8,7,9,-2
5813187,0,2,3,6,4,8,3,6,-3
5813334,1,3,2,4,2,6,2,5,-3
5813337,1,1,2,5,3,7,3,5,-2
5814634,0,0,0,1,2,6,7,11,-4
5815339,1,2,2,8,3,9,3,6,-3
5815679,1,0,1,0,2,2,7,10,-3
5815867,0,0,1,4,2,6,5,9,-4
5815987,0,3,3,6,5,9,2,9,-7
5815998,0,2,3,7,4,9,4,7,-3
5817572,2,1,3,4,3,7,2,5,-3
5818137,0,1,0,4,2,5,7,10,-3
5819483,0,1,0,4,2,5,3,9,-6
5819663,0,1,0,1,1,2,9,11,-2
5819739,1,2,3,6,5,9,4,7,-3
5821252,1,1,2,2,4,7,6,9,-3
5821618,0,2,0,4,1,5,1,5,-4
5822092,2,2,2,3,2,4,1,2,-1
5822258,1,1,1,1,1,3,2,5,-3
5822383,0,1,1,3,2,6,3,8,-5
5822950,0,1,3,3,3,5,4,10,-6
5823081,1,0,3,1,3,4,4,9,-5
5824009,0,2,1,3,2,5,0,4,-4
5824530,0,2,1,2,4,7,2,8,-6
5824625,1,1,2,2,5,5,7,9,-2
5824878,0,1,1,6,5,8,4,7,-3
5825101,0,1,2,5,3,6,3,4,-1
5825409,0,0,1,3,5,7,5,10,-5
5825946,2,1,2,2,2,3,3,7,-4
5826320,0,1,2,3,3,5,5,9,-4
5826767,1,4,3,6,5,8,5,7,-2
5829585,0,0,2,2,3,6,2,5,-3
5829771,0,1,0,3,5,8,6,10,-4
5830302,0,1,2,5,4,7,3,6,-3
5830377,0,1,0,2,4,8,5,9,-4
5830456,0,2,1,4,1,5,2,6,-4
5832288,0,2,2,6,6,9,7,10,-3
5832838,1,3,3,4,6,6,4,7,-3
5832888,0,1,1,3,3,7,3,9,-6
5832901,0,1,2,2,3,3,4,7,-3
5833219,0,2,0,2,2,5,2,6,-4
5833529,0,3,2,6,5,9,3,7,-4
5833753,0,1,3,5,4,9,6,8,-2
5833786,0,1,2,2,2,4,7,9,-2
5834795,1,1,1,4,4,5,4,7,-3
5835286,1,1,1,2,3,3,1,4,-3
5835545,1,1,2,2,3,4,5,7,-2
5836132,0,1,1,3,3,4,4,6,-2
5836522,1,0,3,4,4,6,5,7,-2
5836825,2,2,3,5,4,8,3,8,-5
5837057,0,0,1,2,3,4,6,10,-4
5837306,1,1,2,4,3,7,4,9,-5
5837360,1,0,3,2,4,4,5,9,-4
5839623,0,0,0,0,2,1,7,10,-3
5840052,0,1,0,3,3,6,3,6,-3
5840313,0,1,2,2,4,8,4,7,-3
5840433,1,1,2,4,3,4,3,5,-2
5840458,0,2,2,4,4,7,4,5,-1
5840600,1,1,2,3,2,5,1,4,-3
5840632,0,1,1,2,3,7,3,7,-4
5841133,0,1,1,4,3,8,3,8,-5
5841315,1,2,2,4,2,7,3,4,-1
5841578,0,2,1,4,3,6,5,9,-4
5842112,0,1,1,1,3,6,6,9,-3
5842172,0,2,1,4,4,6,6,9,-3
5842716,0,3,2,4,5,7,4,6,-2
5842847,1,1,2,3,3,5,2,6,-4
5843393,1,1,2,3,3,5,5,7,-2
5843431,0,0,0,0,0,0,0,0,0
5843496,0,2,4,5,5,7,3,8,-5
5844007,1,2,3,4,5,9,5,9,-4
5844043,0,2,1,4,3,7,4,8,-4
5844886,0,2,2,4,3,7,4,6,-2
5844891,2,3,3,6,3,6,2,4,-2
5845415,1,2,4,3,5,8,3,7,-4
5845798,0,1,1,2,2,5,4,9,-5
5845920,0,1,3,5,6,9,7,11,-4
5846110,0,1,2,4,5,6,4,10,-6
5846254,0,2,3,5,5,8,5,9,-4
5848343,1,1,1,1,4,4,6,11,-5
5848818,0,2,2,3,5,8,6,9,-3
5849192,0,0,1,3,2,4,3,7,-4
5849672,1,1,2,2,4,6,6,10,-4
5849821,1,2,2,3,2,5,0,4,-4
5850837,1,1,3,3,4,6,3,8,-5
5852887,1,1,1,3,3,5,1,4,-3
5853391,1,1,1,4,2,4,0,1,-1
5853430,1,1,1,2,1,4,1,3,-2
5853932,0,1,1,3,4,5,5,9,-4
5854269,1,2,2,6,5,9,3,8,-5
5854376,0,2,1,4,2,7,2,5,-3
5854788,1,2,2,5,3,5,3,6,-3
5855458,0,2,1,5,4,7,3,8,-5
5855742,1,1,2,4,3,6,4,9,-5
5855997,0,0,2,2,3,4,5,8,-3
5856242,0,0,1,2,5,4,8,11,-3
5857475,0,2,0,2,1,3,1,4,-3
5857880,2,2,2,4,3,5,0,1,-1
5857991,0,1,0,2,2,5,5,10,-5
5858153,0,1,1,2,3,5,3,5,-2
5858246,0,0,1,3,2,5,3,6,-3
5858703,0,1,0,3,2,3,5,10,-5
5859089,0,2,1,3,2,5,2,6,-4
5859408,1,3,4,6,4,10,4,5,-1
5859518,0,2,2,4,4,8,4,8,-4
5859801,0,1,0,3,4,5,6,8,-2
5860149,1,2,3,6,5,8,4,10,-6
5860822,0,1,0,2,1,5,5,8,-3
5860833,0,1,1,3,4,5,6,9,-3
5860970,1,0,2,2,4,7,4,9,-5
5861970,1,1,2,5,3,7,2,7,-5
5862968,1,1,2,3,3,7,5,7,-2
5864914,0,2,2,4,6,8,6,10,-4
5865037,1,1,2,3,3,6,5,7,-2
5865251,1,2,2,6,4,8,4,7,-3
5866001,0,1,2,4,5,6,5,9,-4
5866874,1,2,1,4,2,8,3,4,-1
5866927,1,1,1,1,1,5,6,11,-5
5867238,0,1,0,3,1,4,5,8,-3
5867639,0,2,3,8,4,9,3,8,-5
5868212,1,1,2,2,5,4,6,10,-4
5868232,0,1,0,3,4,6,3,5,-2
5868331,0,3,3,6,4,8,2,6,-4
5868470,0,2,1,2,1,5,1,3,-2
5868807,1,1,1,1,1,3,6,8,-2
5868985,1,3,4,7,6,10,6,8,-2
5869087,0,0,0,2,1,5,7,10,-3
5869179,1,1,2,1,3,2,7,10,-3
5869853,1,0,1,1,2,2,1,5,-4
5870707,0,3,1,5,4,8,4,10,-6
5871671,0,1,1,2,1,2,9,11,-2
5871787,0,2,1,4,2,6,2,5,-3
5872027,0,1,2,2,4,5,4,7,-3
5872449,0,1,1,6,5,6,4,6,-2
5872672,0,1,1,3,3,7,6,10,-4
5872727,1,2,3,5,4,9,5,7,-2
5872830,0,1,0,2,1,5,5,9,-4
5873602,1,3,3,5,4,9,3,6,-3
5873892,0,0,0,0,0,0,0,0,0
5873958,0,3,1,4,3,8,5,9,-4
5874202,1,1,4,2,4,4,2,6,-4
5874268,1,1,1,4,3,8,3,7,-4
5874411,1,2,1,3,2,5,0,4,-4
5874578,0,0,1,3,4,6,6,9,-3
5874778,0,1,1,5,3,7,3,8,-5
5875532,1,2,2,4,5,7,5,8,-3
5875600,0,1,2,3,3,4,1,8,-7
5875837,0,1,0,1,3,5,5,9,-4
5875977,0,1,1,2,2,2,5,8,-3
5876985,0,1,1,2,3,6,5,9,-4
5877437,0,2,2,4,3,6,3,6,-3
5877868,1,2,3,4,4,7,4,7,-3
5878871,0,1,2,4,3,7,2,7,-5
5878914,1,2,2,3,3,7,5,8,-3
5879033,0,0,2,4,4,8,6,9,-3
5879440,0,1,2,2,4,5,7,10,-3
5880317,0,0,1,2,1,4,4,6,-2
5881195,0,1,2,1,4,5,7,9,-2
5881332,1,1,3,4,4,6,3,7,-4
5881501,1,3,2,6,3,8,2,6,-4
5881868,0,0,2,4,2,5,3,5,-2
5882039,0,1,2,3,3,5,4,9,-5
5882538,1,2,2,5,3,8,4,6,-2
5882701,0,2,2,4,3,7,4,6,-2
5883850,0,1,2,4,4,6,4,8,-4
5884179,0,2,0,3,3,5,5,9,-4
5884769,0,1,1,3,3,4,7,10,-3
5885009,0,1,1,2,2,5,5,9,-4
5885058,0,2,3,3,5,6,5,9,-4
5885099,0,2,0,5,2,6,3,5,-2
5885266,0,1,2,3,5,5,5,8,-3
5885528,0,1,1,3,3,6,4,9,-5
5885628,1,3,3,6,4,8,4,8,-4
5885761,0,1,1,3,4,6,6,9,-3
5885979,1,1,2,7,3,9,3,5,-2
5886101,0,2,2,4,3,7,4,7,-3
5886185,1,3,2,4,4,7,3,6,-3
5886520,2,3,4,7,4,9,2,4,-2
5887194,1,1,1,2,3,6,4,11,-7
5887239,0,1,2,3,3,6,5,9,-4
5887551,0,1,1,2,4,8,8,10,-2
5888077,1,1,2,4,4,8,5,9,-4
5889188,0,1,0,1,3,3,7,10,-3
5889239,0,1,0,2,3,6,4,7,-3
5889346,0,1,1,3,1,5,3,7,-4
5889810,0,2,1,4,3,7,4,7,-3
5890341,0,1,1,2,2,3,0,3,-3
5891216,0,1,3,4,3,6,3,5,-2
5891670,1,1,3,6,6,8,4,9,-5
5891872,0,1,1,5,5,7,4,9,-5
5892362,1,0,3,2,4,5,4,6,-2
5892374,0,1,0,1,1,2,8,11,-3
5892555,1,2,2,5,3,8,2,6,-4
5892578,0,1,1,3,3,5,4,8,-4
5893252,0,2,2,4,2,6,2,8,-6
5894429,0,2,1,3,4,7,4,9,-5
5895178,1,1,3,4,4,5,2,6,-4
5895617,0,1,3,3,4,7,4,7,-3
5895785,1,2,2,3,4,6,5,8,-3
5896032,1,3,2,7,3,9,2,6,-4
5896303,0,2,3,4,3,7,2,6,-4
5896942,2,2,3,4,7,8,5,9,-4
5896944,0,1,2,4,3,5,2,5,-3
5897630,0,3,1,5,3,8,3,7,-4
5897675,0,1,0,2,1,3,5,9,-4
5898383,0,2,1,4,4,8,4,7,-3
5898570,2,2,2,3,3,6,1,6,-5
5898607,1,1,1,4,2,5,1,4,-3
5899264,1,2,2,2,3,5,2,5,-3
5899564,1,1,1,4,3,8,6,9,-3
5899620,0,1,1,4,3,4,0,3,-3
5899805,1,0,1,7,3,8,4,8,-4
5900009,1,2,1,4,5,6,4,9,-5
5900419,0,1,1,4,3,5,3,4,-1
5900865,0,2,1,6,3,8,3,6,-3
5901800,1,1,2,3,4,6,5,8,-3
5902467,1,1,2,3,2,7,4,7,-3
5902958,1,2,2,6,2,8,2,6,-4
5903026,2,1,3,4,3,5,3,6,-3
5903835,0,2,4,7,4,9,5,9,-4
5903859,1,1,2,5,6,7,2,4,-2
5904482,0,1,1,4,3,5,4,7,-3
5905751,0,2,2,4,5,8,3,6,-3
5906781,1,2,2,6,3,6,2,4,-2
5906867,0,1,0,1,3,4,2,4,-2
5906888,1,2,1,5,3,7,4,6,-2
5907280,1,3,1,4,2,6,1,4,-3
5907631,0,2,2,4,4,7,5,10,-5
5907819,1,2,2,4,4,9,7,9,-2
5907881,0,1,3,3,4,6,2,6,-4
5910361,1,2,2,2,4,7,5,7,-2
5910850,0,0,1,3,3,5,5,9,-4
5911463,0,1,1,4,3,6,4,6,-2
5913116,1,1,1,3,3,7,3,6,-3
5913224,0,1,0,3,2,5,2,4,-2
5913566,0,1,1,5,3,7,3,6,-3
5913610,0,1,0,3,0,3,0,2,-2
5915193,0,2,1,2,3,4,4,9,-5
5915212,0,0,1,1,1,4,4,6,-2
5915349,0,2,0,3,3,6,4,7,-3
5915464,0,0,2,2,4,4,6,10,-4
5915481,1,2,1,5,4,8,4,7,-3
5918103,0,2,3,3,5,5,5,9,-4
5918248,1,0,2,1,2,6,5,10,-5
5918781,0,1,3,3,5,6,4,7,-3
5920248,0,1,1,1,1,1,8,11,-3
5920385,2,1,2,6,3,6,3,7,-4
5920433,0,1,1,4,3,6,2,6,-4
5920673,0,3,2,6,3,6,2,6,-4
5920871,0,1,0,3,3,6,7,10,-3
5920941,1,3,2,5,3,7,2,4,-2
5921354,0,1,2,1,3,6,7,10,-3
5921500,0,1,1,3,3,6,4,7,-3
5921905,0,2,1,3,5,6,5,8,-3
5922708,1,0,2,5,3,5,4,6,-2
5922794,0,1,2,5,6,8,4,10,-6
5923020,1,1,1,1,2,2,4,7,-3
5923288,0,1,1,4,4,8,6,8,-2
5923526,0,2,3,5,6,9,5,9,-4
5923795,1,1,2,3,4,6,4,9,-5
5923816,1,1,3,3,4,6,5,8,-3
5924397,1,1,3,5,3,8,3,7,-4
5924746,1,1,1,3,2,7,3,5,-2
5924959,1,1,3,3,4,6,5,7,-2
5924991,0,2,2,5,5,5,5,8,-3
5925485,0,1,3,4,4,9,3,8,-5
5925819,0,0,0,3,1,6,5,8,-3
5926004,0,1,2,3,4,6,3,5,-2
5926297,1,1,1,4,1,5,0,3,-3
5926402,1,2,2,4,3,6,4,5,-1
5927363,0,0,0,2,1,3,6,10,-4
5928393,1,2,2,5,5,8,2,8,-6
5928672,1,3,1,4,1,5,1,5,-4
5930009,0,1,1,2,1,2,5,10,-5
5931163,0,1,0,2,2,5,5,8,-3
5931222,1,1,1,2,2,3,0,1,-1
5931842,0,1,1,4,5,9,7,10,-3
5932925,0,1,3,4,4,6,1,6,-5
5933534,2,1,2,4,5,5,2,4,-2
5933617,1,0,1,1,1,2,2,5,-3
5933797,1,1,3,2,5,7,6,9,-3
5934059,0,2,2,4,3,5,1,6,-5
5934062,1,2,2,4,3,6,3,7,-4
5935279,2,3,3,7,5,8,5,6,-1
5935488,1,2,2,4,4,5,2,3,-1
5935746,0,3,2,6,5,7,3,8,-5
5935810,1,3,2,7,4,8,5,7,-2
5936218,0,1,1,2,4,6,5,9,-4
5937053,0,1,1,2,1,4,0,4,-4
5939282,0,0,1,5,2,5,3,6,-3
5939471,1,2,3,3,6,8,6,10,-4
5939620,1,0,1,1,1,2,3,8,-5
5941320,0,1,0,2,5,5,7,10,-3
5941641,0,1,1,3,3,4,2,6,-4
5942685,0,2,0,6,4,8,6,8,-2
5943311,1,0,2,1,4,3,7,11,-4
5943508,1,1,1,2,2,4,5,9,-4
5943775,0,2,1,3,1,5,2,6,-4
5943915,0,1,2,4,2,6,4,6,-2
5944526,0,1,0,1,2,2,5,9,-4
5945248,0,0,2,4,2,6,2,5,-3
5945939,0,2,2,5,3,7,3,5,-2
5946102,0,1,2,2,4,5,7,11,-4
5946363,1,2,4,3,4,6,3,8,-5
5946561,1,1,4,2,5,8,4,10,-6
5947115,0,1,1,1,4,5,2,7,-5
5947199,0,2,1,5,1,6,0,5,-5
5947253,0,3,2,3,4,8,3,6,-3
5947633,0,3,1,5,1,5,3,7,-4
5947956,0,2,2,4,5,7,5,8,-3
5948245,1,3,3,7,3,8,4,5,-1
5948284,0,0,2,4,2,4,5,8,-3
5949717,0,1,2,4,3,7,3,6,-3
5951687,0,1,2,4,5,8,4,9,-5
5952005,0,3,0,4,2,7,2,5,-3
5952216,1,3,1,5,4,7,2,6,-4
5952819,1,2,1,5,3,7,1,4,-3
5953622,0,0,0,1,3,4,4,9,-5
5953820,0,2,0,5,3,7,2,6,-4
5954083,0,1,3,4,5,5,5,6,-1
5954631,0,1,1,3,2,5,4,8,-4
5954686,0,1,1,3,1,4,0,4,-4
5954714,0,1,1,1,3,4,0,5,-5
5954759,0,0,2,2,2,3,3,7,-4
5955969,0,0,1,2,5,6,3,8,-5
5956490,0,2,3,3,3,7,2,6,-4
5956732,1,1,1,3,5,6,1,4,-3
5957151,0,2,1,3,4,6,4,8,-4
5957747,0,1,1,2,4,5,3,5,-2
5957832,0,1,1,3,2,5,0,4,-4
5960099,2,1,2,4,4,6,2,4,-2
5962026,1,1,1,2,3,3,4,8,-4
5962129,0,1,1,3,3,7,3,8,-5
5962333,1,1,1,4,4,6,4,7,-3
5963153,1,2,3,3,4,7,7,9,-2
5963420,0,2,2,4,5,8,6,10,-4
5964010,0,0,2,5,3,6,2,6,-4
5964134,0,0,2,3,3,5,4,9,-5
5964172,0,1,1,5,4,7,6,9,-3
5964514,0,1,0,2,6,7,6,9,-3
5965726,1,1,3,5,4,6,2,4,-2
5965921,0,2,1,4,3,5,2,5,-3
5965980,0,1,2,5,6,9,4,7,-3
5966105,1,1,2,4,4,6,1,4,-3
5966132,0,0,0,2,4,4,6,11,-5
5966229,1,2,2,4,3,7,3,6,-3
5966272,1,0,1,1,1,2,3,7,-4
5966763,1,0,2,1,2,2,3,9,-6
5967024,0,1,2,4,4,7,6,9,-3
5967373,0,2,3,5,4,8,5,7,-2
5967839,0,2,0,4,1,6,3,7,-4
5967843,0,1,2,2,4,8,5,9,-4
5968337,0,0,1,3,3,7,5,8,-3
5968373,0,2,2,4,3,5,5,10,-5
5968643,0,0,1,1,4,5,6,10,-4
5969357,0,1,1,3,3,4,2,8,-6
5969546,0,1,1,2,4,7,7,10,-3
5969994,0,3,3,6,3,7,3,7,-4
5970071,0,1,2,5,2,6,1,4,-3
5970824,1,1,1,3,4,5,7,11,-4
5971001,2,0,2,4,4,6,3,10,-7
5971219,0,0,1,2,1,4,3,9,-6
5971587,1,3,3,7,3,8,3,6,-3
5971909,0,2,2,3,3,6,4,8,-4
5972111,0,0,1,2,1,4,2,4,-2
5973024,0,1,1,1,4,6,6,11,-5
5973696,0,2,2,5,2,5,1,4,-3
5975550,0,2,2,5,5,9,4,7,-3
5976600,0,1,1,1,3,4,2,4,-2
5976850,0,1,2,2,2,4,2,4,-2
5977598,1,1,1,2,2,4,4,8,-4
5978048,0,2,1,3,2,6,5,9,-4
5978077,2,2,3,5,4,6,2,6,-4
5978162,0,1,4,4,4,6,3,6,-3
5978450,0,1,1,2,2,2,0,1,-1
5978613,0,1,1,4,3,5,6,9,-3
5978893,0,2,2,4,4,7,3,7,-4
5979345,1,1,2,2,2,2,1,5,-4
5980446,0,1,2,3,3,4,2,5,-3
5980811,1,1,2,2,3,5,5,8,-3
5981008,0,1,1,2,3,5,5,7,-2
5981199,1,3,2,5,3,6,2,4,-2
5981688,0,0,1,3,3,5,3,8,-5
5981846,1,0,1,0,1,0,7,11,-4
5981980,1,2,1,3,3,5,2,5,-3
5982669,0,1,0,2,4,7,5,9,-4
5983137,1,0,1,2,1,2,3,6,-3
5983246,0,2,2,2,3,3,1,2,-1
5984048,0,1,1,3,3,5,2,5,-3
5984414,0,1,0,1,2,5,7,10,-3
5984641,0,1,2,5,2,6,3,7,-4
5985881,0,1,1,2,3,7,4,7,-3
5986043,1,2,2,5,3,8,2,5,-3
5986417,0,0,1,2,4,5,5,10,-5
5986929,2,1,2,1,3,2,1,4,-3
5987205,0,1,0,1,3,3,8,11,-3
5988436,0,2,4,4,6,8,4,8,-4
5988538,0,2,0,3,4,8,5,9,-4
5989190,2,4,4,5,5,8,2,7,-5
5989263,0,1,1,4,2,5,1,4,-3
5989442,2,4,4,6,6,8,3,6,-3
5990124,1,1,2,5,2,6,2,6,-4
5990486,0,3,4,7,4,9,3,7,-4
5990539,0,1,0,2,3,7,4,9,-5
5991222,1,3,3,4,3,7,5,8,-3
5992340,0,1,1,4,2,6,2,5,-3
5992646,0,2,2,6,3,8,4,7,-3
5994039,0,2,1,4,2,5,2,5,-3
5994424,1,1,1,1,7,6,6,9,-3
5994626,1,1,2,4,3,5,0,3,-3
5994656,0,1,0,1,3,6,5,10,-5
5994660,0,0,0,0,0,0,0,0,0
5994848,0,2,1,3,4,7,5,8,-3
5994963,0,2,2,5,3,6,3,6,-3
5995634,0,0,1,2,3,5,6,9,-3
5996105,0,2,2,5,4,6,3,4,-1
5996616,1,1,2,4,6,8,5,8,-3
5996902,0,2,1,4,4,6,4,9,-5
5996934,0,1,1,4,1,5,1,4,-3
5997726,0,0,1,2,3,4,7,10,-3
5997980,1,1,2,2,4,5,7,10,-3
5998132,0,0,2,2,2,6,4,8,-4
5999281,1,2,1,4,4,7,4,9,-5
5999353,1,4,3,5,3,6,1,3,-2
5999419,0,2,3,4,3,6,2,4,-2
5999649,1,1,3,3,3,5,5,6,-1
6000514,0,1,2,3,4,7,5,9,-4
6001736,0,1,2,5,4,8,5,10,-5
6001757,1,1,1,4,2,7,4,7,-3
6001793,0,1,1,4,4,8,5,8,-3
6001924,0,1,1,1,2,2,8,11,-3
6004055,0,2,3,5,4,8,4,7,-3
6004123,1,0,2,3,3,5,6,10,-4
6004403,0,2,2,5,5,7,5,8,-3
6004671,1,2,2,4,3,8,4,8,-4
6005545,2,1,2,3,4,5,4,6,-2
6005725,0,1,2,3,3,5,3,7,-4
6005820,1,3,2,5,3,6,1,0,1
6007137,0,3,2,5,3,7,2,5,-3
6008545,1,3,3,4,4,8,4,6,-2
6008662,0,2,0,2,1,6,6,8,-2
6008961,0,0,1,2,4,5,3,8,-5
6008965,0,1,0,1,2,3,3,6,-3
6009652,1,1,2,4,2,5,3,5,-2
6009822,0,1,0,5,2,6,1,5,-4
6010281,1,3,2,4,5,6,3,7,-4
6010599,0,2,2,5,4,8,2,5,-3
6010619,0,1,2,3,3,5,3,8,-5
6012004,0,1,3,3,4,7,4,10,-6
6012118,0,1,2,3,3,7,5,6,-1
6013588,0,1,1,2,1,5,3,7,-4
6013761,1,0,2,2,2,3,5,9,-4
6014263,0,2,2,3,3,5,1,5,-4
6014343,0,1,4,6,5,8,4,8,-4
6015001,0,1,0,1,1,4,5,9,-4
6015361,1,0,2,2,2,4,5,9,-4
6015657,2,2,3,4,3,4,0,3,-3
6015752,0,1,2,4,5,7,6,11,-5
6015766,1,3,2,3,3,6,0,5,-5
6015770,2,2,3,4,3,5,0,3,-3
6016566,0,1,2,2,5,6,4,7,-3
6017108,0,1,3,3,4,5,6,9,-3
6017568,1,2,1,5,2,7,3,4,-1
6017961,1,2,3,6,3,7,1,4,-3
6017970,2,4,3,6,5,8,4,6,-2
6018062,0,1,1,4,2,4,0,3,-3
6019246,1,1,1,3,2,6,4,7,-3
6020948,0,2,1,4,3,6,1,2,-1
6021114,1,1,1,3,1,4,0,3,-3
6021122,0,1,2,3,5,6,2,7,-5
6021923,1,2,2,4,3,8,4,7,-3
6022366,0,2,1,3,4,7,1,4,-3
6022699,0,2,3,6,6,8,5,7,-2
6022912,1,2,2,3,3,6,1,7,-6
6023259,0,1,0,2,3,4,6,9,-3
6023401,1,2,5,6,6,8,5,7,-2
6023932,0,2,1,2,1,2,1,3,-2
6024622,0,2,2,3,3,5,2,5,-3
6024718,0,0,0,0,0,0,0,0,0
6025029,0,3,1,5,1,5,1,3,-2
6025311,1,2,3,6,3,6,0,1,-1
6025529,0,1,1,5,2,6,1,3,-2
6025887,0,1,1,1,2,5,5,8,-3
6026361,1,2,3,4,5,7,5,8,-3
6027490,0,1,0,2,2,4,2,6,-4
6027549,0,2,1,2,2,5,6,11,-5
6027970,0,1,1,4,2,4,2,5,-3
6028184,2,4,3,7,4,8,2,5,-3
6028430,0,2,3,3,3,6,4,7,-3
6028637,2,1,2,4,3,5,2,3,-1
6029669,1,1,1,4,4,5,4,8,-4
6030002,0,2,2,5,4,5,3,6,-3
6030226,0,2,2,3,3,4,3,5,-2
6030315,0,2,0,4,3,7,5,6,-1
6031326,1,3,4,5,5,9,6,8,-2
6031666,0,2,0,3,0,4,3,5,-2
6031671,0,1,0,5,2,7,3,5,-2
6031688,1,2,2,3,3,7,5,8,-3
6031757,1,0,2,5,3,6,2,4,-2
6032046,0,1,1,3,4,6,5,8,-3
6032602,1,1,1,3,3,7,1,1,0
6032695,0,2,1,3,4,6,5,8,-3
6032929,0,1,2,3,3,5,1,4,-3
6032930,1,2,1,4,3,6,2,5,-3
6032936,0,2,1,2,3,5,7,10,-3
6033243,1,3,2,4,3,6,2,4,-2
6033896,1,0,3,3,4,6,5,10,-5
6034111,0,3,1,3,2,6,5,7,-2
6034285,1,1,3,2,4,6,5,8,-3
6035874,1,0,1,0,1,1,6,10,-4
6035978,1,1,1,2,4,6,5,9,-4
6036067,0,0,1,1,3,4,5,10,-5
6037308,0,1,1,3,2,4,5,6,-1
6037495,0,3,2,5,3,7,3,6,-3
6038171,1,0,1,0,1,1,8,10,-2
6039088,0,1,2,4,3,9,6,10,-4
6039353,0,1,1,5,3,6,2,5,-3
6039381,0,1,3,4,3,5,1,6,-5
6039960,0,1,1,4,2,7,4,8,-4
6040036,0,2,1,5,2,6,3,7,-4
6040678,0,0,0,0,0,0,0,0,0
6040749,1,2,1,5,2,6,1,3,-2
6041153,1,3,2,5,3,6,3,6,-3
6041217,2,3,6,6,7,7,4,5,-1
6041584,0,2,1,5,2,7,3,6,-3
6042022,0,2,1,4,4,6,5,6,-1
6042679,0,1,2,5,4,9,2,6,-4
6042684,1,3,3,6,5,9,3,9,-6
6042704,0,3,2,5,3,8,2,6,-4
6043369,2,0,2,2,3,2,4,7,-3
6043710,0,1,1,3,3,6,4,8,-4
6044045,0,1,0,4,2,5,2,4,-2
6044139,1,2,2,4,3,5,4,5,-1
6044289,1,0,1,0,2,2,6,9,-3
6044621,0,1,0,2,2,5,5,7,-2
6045269,0,3,3,7,3,7,4,4,0
6045792,0,1,1,2,4,5,6,9,-3
6046580,0,1,0,4,4,7,2,8,-6
6046695,0,2,0,4,4,6,5,9,-4
6047027,0,1,1,3,3,4,5,8,-3
6047188,0,1,3,5,5,7,3,8,-5
6047319,2,4,2,5,2,8,2,3,-1
6047510,1,2,2,3,5,6,5,8,-3
6047716,0,1,1,3,4,7,6,9,-3
6048301,1,1,1,1,4,4,7,11,-4
6048382,1,0,1,3,1,4,6,9,-3
6048482,2,2,2,2,2,3,1,5,-4
6049170,1,2,1,3,3,4,1,3,-2
6049242,0,1,0,3,4,5,7,10,-3
6049417,1,1,2,5,2,5,2,5,-3
6049521,0,2,3,3,4,7,5,8,-3
6049581,0,2,1,4,5,9,6,9,-3
6050531,1,1,3,3,3,7,6,8,-2
6050759,1,1,2,3,4,8,4,7,-3
6050840,0,1,0,3,3,4,6,10,-4
6051228,0,1,0,4,1,6,2,6,-4
6051443,0,3,1,4,2,6,2,6,-4
6052118,0,3,1,6,3,6,1,5,-4
6052538,1,2,1,3,2,3,1,4,-3
6053588,0,1,0,4,2,6,1,1,0
6053600,1,2,1,4,1,4,0,3,-3
6053713,0,2,2,5,3,6,2,4,-2
6055433,1,0,2,4,2,6,5,7,-2
6055444,0,1,1,2,3,5,4,7,-3
6056017,1,1,2,4,2,6,3,4,-1
6056643,0,1,1,2,3,5,4,8,-4
6056764,0,1,1,3,1,6,1,3,-2
6057141,1,2,1,4,4,7,5,7,-2
6057344,1,1,2,3,4,6,3,6,-3
6057921,0,2,2,3,3,6,4,7,-3
6058251,1,2,2,5,2,7,1,4,-3
6058380,1,3,2,5,4,6,3,7,-4
6058661,0,1,1,2,4,4,5,9,-4
6059061,0,0,2,2,3,4,5,11,-6
6059925,1,1,2,2,2,6,1,4,-3
6060682,0,1,1,3,3,7,4,6,-2
6061913,0,1,2,2,3,6,6,9,-3
6061975,1,0,1,0,2,1,7,11,-4
6062147,0,2,3,4,4,7,3,6,-3
6062535,1,2,2,3,3,5,0,6,-6
6062660,1,2,1,3,4,7,4,9,-5
6063361,1,2,2,4,2,7,3,7,-4
6063676,0,2,1,5,3,7,3,5,-2
6064022,1,0,3,3,4,7,3,9,-6
6064183,1,0,1,0,1,1,1,1,0
6064200,0,1,1,5,2,6,5,6,-1
6065506,1,3,3,6,5,8,4,7,-3
6065641,2,0,2,1,4,5,4,7,-3
6066189,1,1,3,6,5,7,3,6,-3
6066202,0,1,0,2,2,6,4,7,-3
6066368,2,0,2,2,3,4,3,9,-6
6066899,1,2,1,4,3,4,1,5,-4
6067061,1,1,2,3,2,5,2,3,-1
6067338,0,2,1,4,3,6,4,5,-1
6067838,0,2,4,5,6,7,4,9,-5
6069510,1,2,2,3,2,5,4,7,-3
6070903,0,1,0,1,2,6,5,7,-2
6070982,0,1,1,6,5,8,5,8,-3
6071801,0,3,1,4,3,6,2,5,-3
6072039,0,0,0,1,2,5,7,10,-3
6072074,2,2,2,4,3,8,3,6,-3
6072289,1,2,3,5,3,8,3,6,-3
6073685,0,2,3,3,4,6,5,9,-4
6073758,0,1,1,2,4,7,7,10,-3
6074891,0,2,1,5,2,7,1,5,-4
6074911,0,3,1,3,1,4,0,2,-2
6075330,1,3,3,6,4,8,5,9,-4
6075573,0,1,1,1,4,5,5,9,-4
6076641,1,1,2,2,2,4,1,7,-6
6077505,0,2,1,4,2,4,5,9,-4
6077569,0,1,3,1,6,5,7,10,-3
6078568,0,0,1,2,3,3,5,9,-4
6078589,1,2,3,3,3,7,2,6,-4
6079486,0,1,0,4,4,6,4,8,-4
6079508,1,2,2,3,4,7,6,9,-3
6079833,0,0,2,4,3,5,5,9,-4
6080464,1,1,3,4,4,5,5,5,0
6080827,0,1,0,3,1,5,4,8,-4
6081153,0,1,2,2,3,3,8,11,-3
6081814,1,1,2,5,6,8,6,9,-3
6082293,1,2,2,4,6,9,4,8,-4
6083150,0,0,1,1,2,5,2,9,-7
6083265,1,2,2,4,2,7,1,8,-7
6083739,1,3,3,6,6,9,5,9,-4
6083766,0,1,1,3,5,6,7,10,-3
6084467,0,1,1,5,3,8,4,9,-5
6084577,0,1,0,3,6,9,5,9,-4
6084585,1,1,3,4,5,4,4,10,-6
6084665,1,0,1,1,4,5,4,8,-4
6084741,0,0,1,1,4,5,7,9,-2
6085117,0,3,1,5,1,5,0,3,-3
6086439,0,2,2,5,2,7,3,5,-2
6086714,1,1,2,4,5,7,6,8,-2
6087061,0,1,0,1,2,7,4,8,-4
6087786,0,0,0,3,4,4,2,6,-4
6088191,1,1,2,4,5,7,6,9,-3
6088408,0,0,1,3,4,5,6,9,-3
6088986,0,0,2,4,4,6,5,9,-4
6089898,0,2,2,5,3,6,3,7,-4
6090045,0,0,0,2,2,4,3,7,-4
6090118,0,1,0,4,1,5,4,9,-5
6090337,1,2,2,5,4,7,3,6,-3
6090671,0,2,2,4,4,7,4,6,-2
6090979,0,1,1,5,4,7,4,8,-4
6091942,1,1,1,4,2,6,2,5,-3
6092121,1,4,2,6,4,7,0,5,-5
6092126,1,1,2,4,4,6,4,6,-2
6092180,0,2,1,2,2,6,3,5,-2
6093016,1,1,2,2,3,6,4,9,-5
6093187,1,2,3,5,3,8,1,6,-5
6093381,0,1,0,2,1,4,5,8,-3
6093453,0,1,1,4,4,8,5,9,-4
6094486,0,2,1,2,4,6,5,9,-4
6094576,1,1,2,4,4,6,5,7,-2
6094595,0,1,1,3,3,5,6,9,-3
6094941,1,1,2,4,4,7,2,5,-3
6094992,0,2,1,3,3,6,4,8,-4
6095700,0,1,1,3,5,8,6,10,-4
6096164,0,1,1,7,3,7,2,4,-2
6096582,1,1,2,4,3,7,5,9,-4
6096945,0,3,3,4,5,7,7,9,-2
6097786,1,0,1,5,1,6,2,7,-5
6098224,1,1,1,4,2,8,2,4,-2
6098678,1,1,1,3,1,4,2,6,-4
6098698,0,2,1,4,2,6,3,8,-5
6098978,0,2,1,3,1,4,2,4,-2
6100646,0,1,2,1,4,4,7,11,-4
6102528,0,0,1,2,2,4,6,7,-1
6102666,0,2,4,4,7,10,6,10,-4
6103390,0,1,0,2,3,6,5,10,-5
6103855,0,1,1,2,3,2,7,10,-3
6104256,0,0,1,2,2,3,6,8,-2
6105047,0,2,2,4,4,5,5,7,-2
6105798,0,1,1,3,2,4,2,5,-3
6106728,0,1,0,2,2,6,7,9,-2
6107604,2,3,5,6,8,10,5,9,-4
6108167,0,1,2,5,3,7,3,7,-4
6108280,0,2,2,6,4,8,4,8,-4
6108688,0,2,1,5,4,8,2,7,-5
6109059,0,1,1,3,5,5,6,10,-4
6109223,2,2,3,7,3,9,4,6,-2
6110106,2,1,4,5,4,7,6,9,-3
6110776,0,1,2,2,4,6,5,8,-3
6110845,0,1,1,4,5,9,5,9,-4
6111747,1,3,2,4,3,8,2,7,-5
6111934,0,1,1,1,2,6,2,7,-5
6112564,0,0,1,4,2,5,4,5,-1
6112767,0,1,3,9,7,9,6,9,-3
6113131,0,1,1,4,2,4,1,5,-4
6114131,0,1,1,5,4,7,3,8,-5
6114281,1,1,2,4,3,7,6,8,-2
6114850,0,0,2,3,5,5,5,8,-3
6115105,0,3,4,6,6,9,7,9,-2
6115362,1,2,2,5,3,7,1,5,-4
6115465,0,2,2,3,5,7,5,9,-4
6115821,0,1,3,6,4,7,5,7,-2
6116295,0,2,1,3,2,4,0,4,-4
6116747,0,1,3,2,5,6,6,10,-4
6117702,1,0,2,4,3,6,3,6,-3
6117943,1,1,1,3,4,4,3,6,-3
6118856,0,1,4,4,4,6,3,8,-5
6119145,0,1,0,3,1,4,1,2,-1
6119364,1,2,1,3,3,6,2,5,-3
6119694,0,3,4,8,5,9,5,8,-3
6119789,0,1,2,4,3,7,4,8,-4
6120687,0,1,0,4,3,6,3,5,-2
6121378,0,1,2,3,4,5,4,9,-5
6122011,0,2,3,5,4,7,4,5,-1
6122652,0,0,0,1,1,2,9,11,-2
6123336,0,1,1,2,2,5,7,9,-2
6123568,0,1,2,2,3,5,9,11,-2
6124805,0,2,1,3,1,3,1,4,-3
6124850,1,1,3,2,3,4,5,8,-3
6125155,0,0,3,3,6,7,5,9,-4
6125375,0,1,2,4,3,7,4,8,-4
6125560,1,1,2,1,3,4,7,11,-4
6128007,2,4,2,5,3,7,2,5,-3
6128804,1,1,1,3,2,4,1,6,-5
6129058,1,1,2,5,4,7,6,10,-4
6129128,2,2,2,4,4,7,3,5,-2
6130012,0,2,0,3,2,7,1,5,-4
6130376,0,1,2,2,2,9,6,9,-3
6131936,0,1,1,2,5,7,7,9,-2
6132337,1,1,2,4,2,6,1,5,-4
6132367,1,1,3,3,6,8,6,9,-3
6132698,0,1,0,3,6,5,7,10,-3
6132853,0,1,2,2,4,6,4,6,-2
6133459,1,0,1,3,2,6,2,6,-4
6133962,1,3,1,5,4,6,3,6,-3
6134688,1,0,1,3,2,5,2,2,0
6134756,0,1,2,3,4,7,6,10,-4
6134883,0,1,2,3,2,7,4,6,-2
6134940,0,0,1,1,3,5,6,9,-3
6135087,1,2,1,4,3,7,4,7,-3
6135873,0,2,0,3,4,6,4,8,-4
6135999,1,1,2,3,3,6,5,7,-2
6136022,0,2,4,2,4,8,4,8,-4
6136514,0,1,1,3,1,6,6,9,-3
6137750,0,2,2,7,3,9,2,7,-5
6138270,1,1,3,5,3,7,1,5,-4
6138564,0,1,1,3,3,5,2,6,-4
6138628,1,2,1,3,1,6,2,4,-2
6139457,1,2,3,3,4,5,4,8,-4
6140369,0,1,2,5,4,7,3,5,-2
6140739,1,0,4,2,4,5,4,10,-6
6140870,1,0,1,1,1,3,0,1,-1
6141181,0,3,2,7,2,8,4,8,-4
6142029,0,1,1,2,1,2,3,6,-3
6142131,0,1,0,2,3,7,5,9,-4
6142666,0,1,1,1,4,4,6,9,-3
6142955,0,1,1,3,3,5,7,9,-2
6142964,0,1,0,2,5,5,6,10,-4
6143369,0,1,1,3,2,6,5,7,-2
6143882,0,1,0,3,2,4,1,4,-3
6144874,0,1,1,2,3,7,5,9,-4
6145719,0,1,1,5,3,7,5,10,-5
6146156,1,1,1,2,1,4,2,5,-3
6146532,0,1,1,2,3,3,5,8,-3
6146782,1,2,2,6,2,7,2,7,-5
6147270,0,0,1,2,2,5,4,5,-1
6147407,1,1,1,3,2,7,3,7,-4
6148518,1,1,3,2,4,3,6,10,-4
6149536,1,1,2,3,3,7,2,8,-6
6149538,1,3,3,6,5,8,1,3,-2
6149744,1,2,1,3,3,6,1,5,-4
6149973,0,0,1,3,3,4,7,10,-3
6150177,1,2,1,5,2,5,2,6,-4
6150455,0,1,1,2,4,6,6,9,-3
6150574,0,0,1,0,1,3,7,11,-4
6151398,2,1,3,4,5,7,4,8,-4
6151902,0,2,3,3,3,6,4,6,-2
6152402,2,2,2,4,5,6,6,8,-2
6152430,1,1,1,4,4,7,5,9,-4
6152840,1,0,1,1,1,1,1,3,-2
6153017,0,1,1,3,3,6,6,10,-4
6153079,0,1,0,2,2,4,5,9,-4
6153315,0,1,2,3,3,3,1,1,0
6153333,1,1,3,3,5,8,5,7,-2
6153446,0,1,1,3,3,7,3,8,-5
6153536,0,1,1,2,1,3,0,2,-2
6153580,1,2,4,6,6,8,4,8,-4
6153583,0,1,3,3,4,5,6,10,-4
6153834,1,0,1,2,2,4,2,8,-6
6154149,0,1,0,3,3,6,4,8,-4
6155634,0,2,2,6,4,7,2,6,-4
6156289,1,3,1,3,3,6,7,9,-2
6158531,0,2,1,3,4,6,8,11,-3
6158941,0,0,1,1,2,4,7,11,-4
6159287,2,3,3,7,4,8,5,8,-3
6160053,0,1,1,4,1,5,0,4,-4
6160547,1,3,2,6,3,8,4,7,-3
6160722,0,0,0,2,3,5,3,7,-4
6161572,0,1,2,4,5,6,3,6,-3
6162148,1,3,2,5,5,8,4,5,-1
6162176,2,2,2,5,3,6,2,5,-3
6162668,1,2,2,3,3,8,4,9,-5
6162923,0,2,4,4,4,6,4,6,-2
6162936,0,1,0,2,3,6,2,6,-4
6163501,0,0,0,0,2,1,8,11,-3
6163812,0,0,1,4,4,7,7,11,-4
6163827,1,1,3,5,4,6,4,7,-3
6163894,0,1,0,2,3,5,8,11,-3
6164243,0,1,1,1,3,4,5,10,-5
6165581,0,1,2,5,4,7,4,7,-3
6165650,0,2,1,5,2,6,0,3,-3
6165774,0,2,1,3,7,8,5,9,-4
6166096,1,1,2,5,3,6,2,6,-4
6166612,0,1,1,2,3,4,4,8,-4
6166680,0,1,1,5,4,8,4,9,-5
6166772,1,3,2,5,3,6,2,6,-4
6166867,1,0,2,1,4,2,4,9,-5
6167667,0,1,1,1,2,3,4,9,-5
6168623,0,0,1,2,2,3,7,11,-4
6168747,0,0,2,2,3,5,3,8,-5
6168779,0,3,1,6,4,8,4,6,-2
6169734,1,1,1,3,2,4,7,11,-4
6170032,0,1,2,3,4,6,5,8,-3
6170425,0,2,2,5,4,7,3,8,-5
6170469,0,0,0,3,2,5,5,8,-3
6170588,1,1,3,4,4,9,5,10,-5
6172177,0,1,1,4,3,7,5,10,-5
6173025,0,2,0,3,3,7,4,10,-6
6174744,0,1,1,2,5,6,3,7,-4
6175020,0,1,1,4,2,6,5,7,-2
6175245,0,1,2,5,3,5,2,4,-2
6175516,1,1,2,3,4,4,4,9,-5
6176124,0,1,2,3,3,7,5,8,-3
6176220,0,2,1,3,4,5,2,7,-5
6176529,0,2,2,3,4,6,4,9,-5
6176600,0,1,3,3,3,7,5,7,-2
6176860,0,2,1,4,1,4,0,2,-2
6177291,0,0,0,1,2,5,7,9,-2
6177409,1,3,1,3,5,7,5,7,-2
6178288,1,4,3,6,5,7,3,5,-2
6179163,0,1,2,4,4,8,3,5,-2
6179728,1,2,2,4,3,6,1,3,-2
6180504,1,1,1,1,1,1,2,4,-2
6181152,0,2,0,3,2,4,2,5,-3
6181694,0,1,2,5,2,5,2,5,-3
6183215,1,2,3,4,6,6,4,7,-3
6183802,0,3,3,5,6,10,7,9,-2
6183855,0,2,1,4,4,5,6,10,-4
6184027,0,2,1,3,2,5,3,4,-1
6184848,0,2,1,5,2,7,3,7,-4
6185126,0,2,4,7,4,7,4,7,-3
6185169,0,4,4,5,4,8,2,4,-2
6185595,0,3,0,4,2,6,3,5,-2
6186471,1,0,2,2,5,6,4,7,-3
6186925,1,2,2,5,4,8,4,6,-2
6187271,1,1,2,1,3,5,8,11,-3
6187303,0,1,2,2,4,5,3,6,-3
6188231,0,1,2,2,2,5,6,9,-3
6188464,1,0,3,4,3,5,3,4,-1
6188761,0,2,4,4,6,7,6,10,-4
6189056,0,1,2,2,2,3,7,9,-2
6189261,1,1,3,2,3,6,5,8,-3
6189312,2,1,2,3,2,5,5,10,-5
6189374,0,2,1,4,3,5,3,7,-4
6189655,1,2,1,4,4,7,7,9,-2
6190162,1,1,1,2,3,3,6,10,-4
6190525,0,1,1,1,2,4,8,11,-3
6190751,0,1,2,5,4,8,3,7,-4
6190996,1,1,2,1,4,6,4,8,-4
6192512,1,2,1,4,3,8,4,9,-5
6192931,0,1,2,3,3,5,3,5,-2
6193031,1,4,3,7,4,8,2,7,-5
6193040,0,1,2,1,4,4,7,9,-2
6193393,1,3,1,4,4,7,2,7,-5
6193880,0,2,2,4,3,7,4,6,-2
6194313,0,2,1,3,1,6,3,4,-1
6194334,0,1,1,3,3,7,5,8,-3
6194347,0,3,0,4,2,6,5,8,-3
6194461,1,1,2,3,4,4,5,10,-5
6194847,0,1,1,3,4,7,5,9,-4
6195011,1,2,2,5,6,7,2,7,-5
6195214,0,3,2,4,5,8,3,7,-4
6195291,1,3,1,4,5,7,1,5,-4
6195356,0,2,3,6,3,7,1,8,-7
6195524,1,1,3,4,5,4,4,8,-4
6195557,1,4,2,6,4,7,2,4,-2
6196344,0,0,1,4,2,5,4,8,-4
6196562,0,2,1,3,2,6,2,6,-4
6197095,1,1,1,1,2,5,5,10,-5
6197820,0,2,1,5,3,6,2,5,-3
6197862,0,2,1,3,2,5,4,5,-1
6197978,0,0,3,5,5,7,4,7,-3
6198028,0,1,1,1,3,3,7,11,-4
6198723,1,2,1,4,2,7,2,7,-5
6199047,2,1,3,4,4,6,4,6,-2
6199167,1,0,2,3,4,4,3,10,-7
6199376,0,1,3,3,6,8,7,8,-1
6199630,1,2,2,3,2,6,3,6,-3
6199841,2,3,3,5,5,7,2,9,-7
6200388,0,1,0,2,2,6,5,9,-4
6200626,1,1,1,2,2,6,2,7,-5
6200797,0,1,1,4,2,6,3,5,-2
6201039,0,2,1,2,3,5,4,6,-2
6201676,0,3,2,5,3,8,7,11,-4
6201788,0,1,2,4,3,5,4,7,-3
6201899,0,1,1,4,3,6,3,5,-2
6202449,1,0,2,2,4,5,5,8,-3
6202850,0,1,0,1,4,4,5,10,-5
6203233,0,3,2,4,2,4,0,2,-2
6203317,0,1,0,3,3,7,3,6,-3
6204991,2,2,3,4,5,6,2,6,-4
6205552,1,1,1,2,2,4,1,3,-2
6205847,1,3,2,4,4,7,3,5,-2
6206371,0,3,2,7,3,8,2,5,-3
6206732,0,2,1,3,1,5,1,2,-1
6207063,0,1,1,3,3,5,3,5,-2
6207129,0,1,1,3,3,5,2,5,-3
6207463,0,2,1,4,3,5,3,6,-3
6208032,0,1,1,4,3,6,5,9,-4
6208613,0,2,2,4,3,6,4,5,-1
6208637,1,2,2,5,3,7,5,7,-2
6208747,1,0,1,0,2,2,4,8,-4
6208995,1,2,1,4,2,7,4,5,-1
6209556,0,1,1,3,3,7,5,9,-4
6210162,0,1,1,5,2,7,2,5,-3
6210369,0,1,2,2,2,9,4,9,-5
6210413,1,0,2,3,2,6,3,7,-4
6210429,1,0,1,3,2,6,2,6,-4
6211184,1,0,2,2,3,4,6,9,-3
6211250,0,1,1,3,4,6,5,8,-3
6211368,1,3,2,5,3,6,2,5,-3
6211399,1,1,4,6,6,8,1,5,-4
6211867,1,1,1,3,2,3,5,9,-4
6212650,0,2,2,5,3,6,4,8,-4
6213075,0,2,2,4,3,6,2,8,-6
6213283,0,1,0,1,3,4,5,6,-1
6213672,1,1,2,3,3,6,2,6,-4
6213675,0,2,1,5,2,6,3,6,-3
6214082,0,2,0,3,1,5,3,5,-2
6214866,1,1,2,3,3,8,2,8,-6
6214947,0,1,2,5,4,7,6,9,-3
6215505,0,1,1,1,4,8,6,9,-3
6216058,0,1,0,3,2,4,0,3,-3
6216274,0,1,3,4,6,8,4,7,-3
6216524,0,2,2,3,3,7,6,8,-2
6216923,0,1,2,3,4,7,6,10,-4
6217659,0,2,1,3,3,8,4,7,-3
6218058,0,1,0,1,2,4,8,11,-3
6218892,1,2,2,4,4,6,3,5,-2
6219199,0,1,1,4,2,5,3,5,-2
6219300,0,1,1,2,2,5,4,8,-4
6219361,0,0,2,3,3,6,4,7,-3
6219878,0,1,0,3,3,7,4,8,-4
6220256,0,1,0,3,2,5,4,4,0
6220364,1,1,2,3,3,6,3,9,-6
6220565,1,1,2,4,2,6,4,6,-2
6221210,0,1,2,3,4,4,3,5,-2
6221385,0,1,0,2,3,6,4,8,-4
6221736,1,2,2,6,3,7,5,6,-1
6221912,0,1,0,2,2,5,5,10,-5
6222103,0,1,1,3,3,6,2,5,-3
6223523,1,1,1,1,2,1,3,8,-5
6223611,0,0,2,1,4,2,7,11,-4
6223655,2,1,3,3,4,5,6,8,-2
6223770,0,1,2,4,2,4,2,3,-1
6224944,0,1,1,1,4,2,8,11,-3
6225582,1,0,3,2,4,5,5,9,-4
6225857,2,3,2,5,4,6,3,5,-2
6226094,1,2,2,4,2,6,3,7,-4
6226782,0,0,1,1,2,1,9,11,-2
6227162,0,0,2,1,2,2,7,11,-4
6229219,0,0,0,2,4,4,6,11,-5
6229229,0,1,3,4,4,5,5,7,-2
6229855,1,2,2,4,4,6,3,7,-4
6230151,0,1,1,3,2,6,5,9,-4
6230294,1,1,1,3,2,7,3,7,-4
6230318,0,1,2,6,6,9,2,7,-5
6230599,0,1,1,4,4,6,1,3,-2
6232740,0,2,3,4,6,9,5,8,-3
6232979,1,1,1,4,3,6,3,9,-6
6233015,0,1,1,3,4,7,5,9,-4
6233209,0,0,1,3,5,6,6,11,-5
6233521,0,0,1,3,3,5,4,7,-3
6234275,1,0,2,1,3,5,5,9,-4
6234951,0,1,0,1,1,3,5,7,-2
6235578,0,0,1,1,1,1,9,11,-2
6235750,1,2,1,3,2,5,3,7,-4
6236446,1,2,1,3,4,5,5,9,-4
6236510,0,2,2,4,4,7,4,8,-4
6236814,0,2,1,6,3,7,3,5,-2
6236815,0,1,1,3,3,8,5,9,-4
6236944,0,1,1,1,1,4,1,3,-2
6237154,0,1,1,3,3,5,7,9,-2
6238162,1,1,2,3,3,5,5,9,-4
6238474,0,1,2,3,2,6,2,7,-5
6238598,1,1,2,2,5,7,4,10,-6
6238939,1,0,1,1,2,4,5,9,-4
6239237,1,3,2,5,5,7,4,8,-4
6239865,0,1,1,5,4,7,6,9,-3
6240949,1,1,2,1,4,4,3,9,-6
6241179,1,2,2,3,2,6,2,4,-2
6241898,0,1,2,4,3,6,3,7,-4
6242049,0,0,0,3,1,3,1,6,-5
6242449,1,2,3,4,4,5,4,9,-5
6242595,1,2,2,5,2,7,2,4,-2
6242624,0,2,2,3,3,5,2,5,-3
6243026,0,1,1,4,2,6,4,8,-4
6243310,0,1,0,2,2,5,5,9,-4
6244049,0,1,1,3,3,6,6,10,-4
6244449,1,1,3,5,5,8,4,9,-5
6244641,0,1,1,4,2,4,3,6,-3
6244820,0,3,3,5,3,7,3,6,-3
6244959,1,3,2,5,2,6,0,3,-3
6245104,0,1,1,2,6,7,5,9,-4
6246850,0,1,0,3,2,5,4,7,-3
6246945,0,2,1,6,3,7,3,7,-4
6247626,1,3,2,5,4,7,4,5,-1
6249101,0,1,1,4,6,7,6,10,-4
6249762,0,1,2,2,4,7,3,6,-3
6250317,0,1,2,2,4,6,6,8,-2
6250465,1,0,1,1,3,3,6,11,-5
6250644,0,1,2,4,3,7,3,7,-4
6250726,1,0,1,1,2,3,9,11,-2
6251532,0,3,1,6,4,9,4,7,-3
6251701,0,1,2,3,5,7,4,6,-2
6252721,0,1,3,4,4,7,6,9,-3
6253060,0,2,1,4,2,7,2,5,-3
6253126,0,2,1,4,4,7,4,8,-4
6253269,0,1,0,1,2,3,7,10,-3
6253980,0,1,2,3,3,5,7,10,-3
6255660,0,1,2,5,3,5,2,4,-2
6256230,1,0,1,1,2,2,4,7,-3
6256949,1,2,5,5,6,7,5,9,-4
6257336,1,0,3,4,5,7,4,9,-5
6258553,0,0,1,2,2,6,3,5,-2
6258907,0,2,1,5,4,6,2,6,-4
6259505,0,1,1,2,3,4,5,8,-3
6260839,0,1,1,3,4,7,4,10,-6
6260976,1,2,2,4,3,8,3,6,-3
6262707,1,2,3,5,4,6,2,5,-3
6263201,1,1,1,3,4,5,5,8,-3
6263465,1,2,2,3,6,8,4,7,-3
6263892,0,1,0,1,1,4,5,9,-4
6264131,0,2,0,3,2,5,1,4,-3
6264214,0,2,3,3,4,3,1,5,-4
6264233,0,0,2,1,3,3,6,10,-4
6264851,1,2,2,6,3,7,3,6,-3
6264856,1,1,2,5,4,6,3,7,-4
6266363,0,2,0,3,4,9,4,8,-4
6266656,0,1,1,2,4,6,7,9,-2
6266670,0,1,1,1,4,5,6,9,-3
6267166,0,1,1,3,5,9,4,7,-3
6267246,1,1,2,4,6,10,7,11,-4
6267464,0,1,0,5,2,6,3,8,-5
6267546,0,0,1,2,3,4,7,9,-2
6267975,0,0,1,3,2,6,2,4,-2
6268529,0,1,0,2,5,7,7,11,-4
6268725,0,3,1,5,4,8,5,9,-4
6268824,0,1,2,4,3,6,2,5,-3
6269277,0,1,2,4,3,6,5,7,-2
6270063,0,2,0,2,0,5,5,10,-5
6270243,1,1,2,3,3,7,2,8,-6
6270429,1,2,2,5,4,8,5,9,-4
6270904,0,2,1,4,5,7,5,8,-3
6271005,0,3,1,6,5,9,4,9,-5
6271133,1,0,1,2,3,2,2,6,-4
6271994,0,1,0,1,1,2,6,10,-4
6272139,1,1,1,3,3,4,1,4,-3
6272784,1,1,3,5,4,7,4,7,-3
6273157,1,1,2,3,3,3,4,8,-4
6273512,1,0,2,2,2,4,5,6,-1
6274067,1,0,2,3,4,7,7,9,-2
6274319,0,1,0,3,2,6,3,6,-3
6274986,0,1,1,2,2,4,6,8,-2
6275116,0,2,2,5,3,7,3,5,-2
6275404,0,2,2,3,3,5,5,7,-2
6275944,0,1,3,5,5,9,5,9,-4
6276268,1,3,1,5,1,8,2,4,-2
6277508,0,2,4,5,4,9,5,8,-3
6278111,0,1,3,5,4,7,3,8,-5
6278271,1,1,2,1,3,3,8,11,-3
6278767,1,0,1,1,1,1,4,9,-5
6279058,1,2,1,3,1,4,1,5,-4
6279514,0,3,3,7,3,9,4,8,-4
6279565,0,0,1,2,2,2,8,11,-3
6279576,0,2,1,2,2,7,6,9,-3
6279580,0,2,1,4,4,6,3,7,-4
6279758,1,2,1,5,5,7,3,7,-4
6280626,0,1,1,4,5,7,6,10,-4
6280730,1,1,2,4,2,4,1,5,-4
6280976,1,2,3,4,4,8,3,9,-6
6281038,0,1,2,3,3,5,4,8,-4
6281069,0,1,3,4,5,8,6,10,-4
6281178,1,2,1,5,2,7,1,4,-3
6281430,2,1,2,1,2,2,5,8,-3
6283502,1,2,1,4,2,5,3,5,-2
6283528,0,1,2,5,3,8,4,8,-4
6283535,2,1,2,4,3,6,2,5,-3
6283880,1,1,2,4,3,6,3,7,-4
6284382,0,1,2,4,2,6,4,6,-2
6284408,0,1,2,3,4,7,6,10,-4
6284555,0,1,1,2,1,3,0,1,-1
6285489,0,2,0,4,4,6,4,8,-4
6285735,0,1,2,3,2,5,3,3,0
6286568,1,2,2,4,3,7,4,8,-4
6288005,1,1,2,5,4,8,3,6,-3
6288035,0,1,1,3,5,8,6,11,-5
6288659,0,0,2,3,2,6,3,5,-2
6288789,0,1,1,3,3,6,5,10,-5
6288880,0,2,1,3,2,7,4,8,-4
6289211,1,2,3,5,4,7,3,6,-3
6290019,1,2,2,2,4,6,4,9,-5
6290143,0,1,1,4,4,6,3,5,-2
6290604,1,3,1,4,4,6,4,8,-4
6290938,1,0,3,3,4,4,5,9,-4
6291658,0,0,2,4,5,6,3,6,-3
6291939,1,1,2,3,3,4,2,3,-1
6292260,1,1,3,4,3,7,3,7,-4
6292338,0,2,3,5,6,8,5,8,-3
6293304,0,2,3,5,3,7,5,9,-4
6293598,0,0,1,2,3,4,7,10,-3
6293664,1,3,3,5,6,7,7,7,0
6294395,0,1,0,2,2,5,2,6,-4
6294662,0,1,1,1,3,5,7,11,-4
6295036,1,3,1,4,3,6,2,5,-3
6295986,0,1,0,2,4,5,7,9,-2
6296086,1,1,2,3,4,7,3,6,-3
6296098,1,2,3,5,4,7,1,5,-4
6296118,0,1,1,3,3,6,5,7,-2
6296519,0,1,2,3,2,6,4,8,-4
6297784,0,0,1,1,3,2,5,9,-4
6298002,1,1,1,4,1,7,1,5,-4
6298050,1,1,1,3,4,8,6,10,-4
6298080,2,2,3,5,4,8,4,7,-3
6299042,0,2,2,5,2,7,3,7,-4
6299262,0,2,2,6,5,9,5,8,-3
6299366,0,1,0,1,3,3,7,11,-4
6299867,0,1,2,5,3,6,2,5,-3
6300215,0,2,0,3,5,8,4,9,-5
6300997,0,2,2,2,3,6,5,6,-1
6301179,1,0,2,2,2,4,3,8,-5
6301187,0,1,2,4,4,7,6,9,-3
6301444,0,0,0,3,2,6,6,9,-3
6301770,1,0,1,4,2,5,3,7,-4
6302957,0,1,1,3,2,5,3,6,-3
6305287,0,1,3,7,6,8,5,8,-3
6305460,1,0,1,0,2,2,4,8,-4
6305580,1,2,2,3,2,4,3,5,-2
6305981,0,2,0,3,1,4,2,4,-2
6305987,0,2,3,6,5,8,5,8,-3
6306131,0,1,2,5,5,7,5,10,-5
6306173,0,0,1,4,7,7,3,9,-6
6306879,0,0,2,3,4,6,5,8,-3
6307085,0,1,3,3,5,8,7,10,-3
6307466,1,1,1,4,4,7,2,4,-2
6308260,0,2,2,3,2,5,0,1,-1
6308281,1,2,1,4,4,6,4,8,-4
6308541,0,1,2,2,4,6,5,7,-2
6308551,0,1,1,2,1,6,5,9,-4
6308555,1,1,1,5,2,6,1,5,-4
6308798,1,2,3,3,3,6,2,9,-7
6309466,1,1,1,2,1,4,2,6,-4
6309883,1,1,1,3,3,6,3,9,-6
6310198,1,3,1,5,1,8,1,4,-3
6310653,0,2,2,3,3,6,6,10,-4
6311930,1,0,1,1,3,7,5,8,-3
6312705,0,0,0,0,0,0,0,0,0
6313165,0,1,2,3,3,5,1,4,-3
6313207,0,1,1,3,5,6,5,9,-4
6313767,0,0,1,2,2,3,4,7,-3
6314813,1,2,2,5,2,5,3,6,-3
6314884,0,0,0,1,2,1,8,9,-1
6315252,1,4,1,5,1,8,2,5,-3
6316436,0,1,1,3,5,7,5,8,-3
6316484,0,1,0,1,1,2,6,10,-4
6316508,0,1,4,3,7,8,7,9,-2
6316578,1,0,1,3,4,4,2,4,-2
6317014,0,1,0,2,4,6,7,10,-3
6317216,0,1,2,2,4,7,6,10,-4
6317359,1,1,3,3,4,4,7,10,-3
6317395,0,2,1,3,3,7,4,8,-4
6318196,0,1,2,2,3,4,3,7,-4
6318404,1,1,3,4,6,7,7,7,0
6318782,1,4,2,7,4,8,4,6,-2
6319042,0,2,1,2,1,5,5,8,-3
6319209,1,1,1,2,3,3,4,9,-5
6320056,0,2,1,4,7,9,6,10,-4
6320909,1,0,2,4,3,6,5,6,-1
6320994,1,2,2,2,3,3,6,10,-4
6321076,0,1,2,2,4,6,6,9,-3
6321542,2,2,4,5,5,7,3,5,-2
6321683,0,2,2,3,4,6,3,7,-4
6322174,0,1,1,4,3,5,4,7,-3
6322185,1,2,1,2,1,5,0,1,-1
6323246,2,2,2,5,2,6,1,2,-1
6323647,1,2,3,4,3,6,3,3,0
6324167,0,1,2,4,2,5,2,6,-4
6324247,0,2,1,5,3,7,1,3,-2
6324700,0,1,1,5,4,8,3,8,-5
6324883,1,1,3,5,4,6,4,4,0
6325025,0,0,2,3,2,4,1,5,-4
6325992,1,1,2,3,2,3,0,3,-3
6326188,0,2,1,3,2,5,6,9,-3
6326382,0,2,3,5,4,7,1,5,-4
6327271,0,2,1,3,3,6,4,6,-2
6327275,0,1,3,6,3,9,2,5,-3
6328108,0,0,3,4,5,6,6,7,-1
6329678,0,0,0,0,0,0,0,0,0
6330265,0,0,1,2,3,4,7,11,-4
6330597,1,2,1,3,3,5,3,3,0
6330666,0,3,1,5,3,7,2,5,-3
6330747,0,2,2,4,4,6,4,6,-2
6331888,0,1,0,3,2,4,4,6,-2
6332708,0,2,2,3,6,8,4,9,-5
6334543,0,1,1,2,2,5,5,11,-6
6334586,1,2,1,4,3,6,6,9,-3
6334892,0,2,2,6,3,6,4,7,-3
6335447,1,2,1,4,2,6,5,10,-5
6335625,0,1,1,3,2,5,3,7,-4
6336063,0,2,1,4,2,8,4,8,-4
6336121,0,3,0,6,2,7,2,6,-4
6336389,0,1,0,1,2,4,7,11,-4
6336694,1,0,1,1,3,4,6,10,-4
6336883,0,1,1,3,3,7,4,8,-4
6337591,0,0,1,1,1,3,5,9,-4
6338006,1,1,1,3,4,7,6,8,-2
6338215,1,1,3,3,3,6,2,4,-2
6338540,0,1,1,3,2,6,4,7,-3
6339170,1,0,1,1,2,2,8,11,-3
6339458,1,2,2,6,4,8,6,8,-2
6339873,0,3,3,3,5,4,3,4,-1
6339926,0,1,1,4,3,7,3,5,-2
6340460,0,2,2,3,2,8,4,9,-5
6340763,0,0,1,4,3,6,5,9,-4
6341705,0,2,1,3,5,6,7,10,-3
6344840,1,1,1,2,2,3,6,9,-3
6344899,1,2,2,3,2,4,2,4,-2
6345482,0,1,3,6,6,8,5,9,-4
6346272,0,2,2,4,3,6,3,6,-3
6346299,0,2,1,2,2,6,6,10,-4
6346688,1,0,1,1,1,3,0,1,-1
6347031,2,1,3,6,5,8,3,6,-3
6347334,1,1,1,3,4,6,4,9,-5
6347571,0,0,1,3,3,5,5,8,-3
6349113,0,0,0,2,1,4,3,7,-4
6349232,1,1,4,5,4,6,5,5,0
6349430,0,3,3,6,5,8,4,9,-5
6349481,0,1,3,5,4,7,3,5,-2
6350702,0,0,1,0,3,1,8,11,-3
6350775,0,2,2,3,4,6,7,11,-4
6351039,1,3,3,5,4,7,5,7,-2
6351119,0,1,2,4,4,7,5,10,-5
6351127,1,0,3,3,6,9,6,8,-2
6352322,1,1,2,3,5,6,2,6,-4
6352641,0,1,2,4,4,7,5,10,-5
6353385,0,0,1,3,1,4,5,9,-4
6353530,0,0,0,3,2,5,6,10,-4
6353885,0,2,3,2,6,8,6,9,-3
6354440,0,1,1,2,2,5,2,7,-5
6354626,1,1,2,5,5,9,5,5,0
6354901,1,0,2,2,3,3,5,9,-4
6355703,1,1,2,5,4,6,3,7,-4
6355890,0,2,2,4,3,6,6,9,-3
6356471,0,1,2,2,3,5,6,10,-4
6357202,1,1,2,5,3,6,3,5,-2
6357207,0,2,2,6,3,7,4,6,-2
6357568,0,0,1,3,3,8,6,10,-4
6358010,1,1,1,3,4,6,3,9,-6
6358325,1,1,1,4,3,9,4,8,-4
6358344,1,2,4,5,5,7,2,6,-4
6358549,0,1,1,4,3,7,3,6,-3
6359893,0,1,2,5,5,7,5,8,-3
6360459,0,0,1,2,2,4,6,9,-3
6361251,0,1,1,5,4,7,3,5,-2
6361420,1,1,1,3,3,7,5,8,-3
6361534,0,0,1,2,3,6,5,9,-4
6361823,0,1,2,3,3,5,4,6,-2
6362153,0,0,0,2,4,7,5,9,-4
6362351,0,1,2,5,3,6,4,7,-3
6362578,0,2,1,4,2,6,1,6,-5
6362772,0,2,1,3,3,5,5,10,-5
6363730,0,2,1,3,2,6,4,8,-4
6364232,1,2,2,3,3,5,2,4,-2
6364338,0,0,2,2,3,3,7,10,-3
6364401,0,2,1,4,2,6,2,4,-2
6364507,0,1,1,4,3,8,3,5,-2
6366483,0,0,1,2,2,4,6,10,-4
6366596,0,3,0,4,3,7,2,7,-5
6367174,0,1,0,3,3,6,2,5,-3
6367358,2,3,2,5,5,8,5,8,-3
6367713,0,1,1,4,4,8,4,9,-5
6367884,0,1,0,3,4,8,5,10,-5
6367946,0,1,2,2,3,7,2,6,-4
6369552,0,1,0,4,3,6,4,9,-5
6369951,1,2,1,4,4,7,4,10,-6
6369960,0,1,1,4,3,7,4,9,-5
6370248,0,1,1,2,3,6,4,7,-3
6370439,0,3,3,6,4,8,3,8,-5
6370483,0,3,3,3,4,9,3,8,-5
6370585,0,0,0,1,2,3,5,8,-3
6370798,0,1,2,4,3,8,6,9,-3
6370932,0,1,2,4,5,8,7,7,0
6371208,0,2,0,4,2,7,2,5,-3
6372878,0,2,2,2,3,6,3,6,-3
6373155,1,1,2,2,5,4,5,10,-5
6373377,1,1,1,1,2,5,5,9,-4
6373729,0,1,2,5,4,7,4,9,-5
6374882,0,1,2,5,2,6,2,5,-3
6375144,0,2,0,4,2,7,3,5,-2
6375372,0,1,2,2,5,3,5,8,-3
6375423,0,2,0,4,3,6,3,5,-2
6375458,0,2,2,5,2,7,2,5,-3
6375734,0,1,1,3,5,6,6,10,-4
6375883,0,2,2,4,7,8,6,10,-4
6376394,0,2,1,2,4,7,5,9,-4
6376509,0,2,2,6,3,6,3,5,-2
6376532,0,3,2,3,4,6,5,10,-5
6378045,0,1,0,2,2,3,8,11,-3
6378723,0,0,1,1,2,5,4,8,-4
6379451,0,2,0,3,2,4,2,5,-3
6379669,1,2,3,5,3,8,5,7,-2
6379969,0,0,1,1,4,2,5,9,-4
6380020,0,1,2,1,3,4,7,9,-2
6381085,0,2,1,2,2,5,1,2,-1
6381611,0,0,0,3,2,4,5,6,-1
6381821,0,0,2,2,3,5,3,7,-4
6383389,2,3,3,6,3,8,1,5,-4
6383470,0,2,1,4,4,7,3,8,-5
6383775,1,0,2,1,4,4,7,10,-3
6384210,0,1,1,2,2,6,5,8,-3
6384494,1,2,3,4,3,7,1,4,-3
6385764,0,2,1,3,1,5,0,5,-5
6385869,1,1,1,4,3,4,2,4,-2
6386305,1,2,1,6,4,6,4,8,-4
6386383,0,1,3,4,3,6,3,6,-3
6387005,0,1,1,3,3,7,6,9,-3
6387736,0,1,2,4,4,7,5,8,-3
6387972,0,1,0,3,2,4,4,5,-1
6388591,0,1,3,2,4,6,5,8,-3
6388742,1,2,2,4,6,8,6,9,-3
6388890,0,1,2,1,4,6,6,8,-2
6389413,0,1,2,1,2,2,7,11,-4
6389538,0,1,0,4,3,5,3,5,-2
6390108,1,1,2,5,6,9,6,10,-4
6390883,1,1,2,3,5,7,3,7,-4
6390981,0,2,1,4,2,7,3,6,-3
6391057,0,0,1,2,1,4,4,8,-4
6391304,0,2,1,2,3,6,4,6,-2
6391606,0,0,0,4,1,4,2,6,-4
6391763,0,1,1,1,3,3,7,11,-4
6392661,0,1,2,6,3,9,4,9,-5
6392840,0,1,1,3,4,7,7,11,-4
6393617,1,1,1,3,3,3,3,4,-1
6393707,0,1,0,1,2,5,5,7,-2
6394199,0,2,1,3,4,6,5,9,-4
6394558,1,2,2,6,4,9,5,7,-2
6394730,0,1,0,2,3,6,4,8,-4
6395142,0,2,1,5,4,6,4,9,-5
6395851,0,1,3,4,3,7,4,7,-3
6395931,0,1,1,3,5,7,6,9,-3
6396426,0,1,1,3,6,8,6,9,-3
6396594,0,1,1,2,3,5,7,11,-4
6396653,0,2,0,3,4,5,3,3,0
6397274,0,1,2,5,3,6,2,6,-4
6397313,0,1,0,1,3,5,5,8,-3
6397642,0,2,2,6,4,8,5,8,-3
6398080,1,1,2,2,4,4,2,5,-3
6398087,0,2,3,6,4,8,5,8,-3
6398120,0,1,2,1,4,7,7,9,-2
6398327,0,0,0,2,2,4,6,10,-4
6398858,0,2,0,3,4,7,6,9,-3
6399055,0,1,1,2,1,3,6,10,-4
6399294,1,2,2,5,5,6,5,7,-2
6399359,0,1,1,3,3,6,2,3,-1
6399413,0,2,3,3,3,7,2,6,-4
6399516,0,2,1,4,3,5,4,8,-4
6400095,1,2,2,3,4,8,4,7,-3
6400733,0,0,0,1,2,2,5,9,-4
6400860,1,1,2,4,3,7,4,9,-5
6401651,0,3,2,5,3,6,4,6,-2
6402933,0,1,1,2,4,5,4,7,-3
6404156,1,2,3,5,5,9,4,8,-4
6404469,0,1,1,3,1,3,1,3,-2
6404613,0,1,1,3,6,6,7,10,-3
6404839,0,2,2,2,3,4,4,8,-4
6404909,0,1,1,3,2,4,3,4,-1
6406085,0,2,2,5,5,8,5,9,-4
6406834,0,2,1,3,3,5,4,9,-5
6407182,0,2,1,2,3,4,1,3,-2
6407409,1,0,2,3,3,6,4,8,-4
6407550,0,0,3,5,4,6,5,7,-2
6407957,1,0,2,2,4,4,5,10,-5
6408018,1,4,3,7,3,7,4,7,-3
6408107,1,2,2,4,4,6,2,6,-4
6409209,1,0,3,1,5,5,5,9,-4
6409627,0,1,1,2,2,6,4,9,-5
6410579,0,1,2,6,3,7,2,5,-3
6410667,1,3,1,4,2,5,1,5,-4
6410899,1,0,1,2,2,2,9,11,-2
6411026,0,2,2,4,4,6,3,5,-2
6411162,0,1,0,1,2,3,6,9,-3
6411206,1,2,1,2,5,7,6,10,-4
6411599,0,1,0,2,2,7,5,8,-3
6411757,0,1,2,6,5,9,4,10,-6
6411812,0,1,1,3,2,3,3,6,-3
6411866,0,1,2,2,3,6,5,9,-4
6411974,1,1,3,3,4,6,4,7,-3
6412224,0,2,0,4,2,7,5,9,-4
6412292,1,3,1,4,2,7,3,6,-3
6412372,0,1,0,4,4,8,7,10,-3
6412907,0,3,2,5,2,9,6,7,-1
6413082,0,2,1,6,3,8,4,8,-4
6413827,0,2,2,3,4,6,4,8,-4
6414666,0,1,1,4,2,6,5,6,-1
6414696,0,1,1,1,4,7,6,9,-3
6416004,0,0,0,1,2,4,7,10,-3
6416119,0,0,0,2,4,6,6,10,-4
6417535,0,3,0,5,3,6,3,5,-2
6417620,0,1,0,2,2,3,6,9,-3
6418466,0,3,4,6,4,8,5,8,-3
6418836,0,2,1,4,3,5,3,7,-4
6418953,1,3,3,3,6,8,6,7,-1
6419587,2,2,3,4,3,6,2,5,-3
6419899,1,2,1,5,1,7,1,4,-3
6420270,1,2,2,4,3,8,5,9,-4
6421182,1,1,2,5,3,6,2,4,-2
6421359,1,1,1,2,2,4,0,4,-4
6421412,0,0,2,2,3,6,3,5,-2
6421752,0,1,1,3,2,6,2,7,-5
6421976,1,2,3,6,4,8,2,5,-3
6424001,0,1,0,4,4,8,3,8,-5
6424011,0,1,2,3,3,6,5,10,-5
6424017,1,0,1,3,2,5,0,1,-1
6424901,0,2,1,4,2,7,2,4,-2
6424963,0,1,2,2,4,5,7,11,-4
6424982,1,2,1,5,2,6,1,4,-3
6425242,0,1,0,2,1,3,5,9,-4
6425561,0,1,2,4,3,7,5,10,-5
6426610,1,1,4,1,5,3,7,10,-3
6426672,1,0,1,0,3,1,5,9,-4
6426864,1,3,3,5,5,10,4,8,-4
6427013,0,0,1,3,5,6,5,10,-5
6427163,0,1,1,4,3,6,1,4,-3
6427165,0,1,1,3,1,3,7,10,-3
6427237,0,1,1,5,3,8,2,5,-3
6427398,1,2,2,4,4,6,5,10,-5
6427436,1,1,3,8,4,8,3,5,-2
6427657,0,2,1,3,4,5,4,9,-5
6427682,0,1,2,2,3,5,4,8,-4
6428104,0,2,1,3,2,5,4,6,-2
6429131,2,3,3,6,3,7,4,5,-1
6429621,0,3,1,5,3,9,6,9,-3
6429840,0,1,1,3,2,6,5,9,-4
6429904,1,2,2,2,5,5,5,8,-3
6430802,1,2,2,5,5,8,5,8,-3
6431171,0,1,2,3,3,8,3,6,-3
6431361,1,1,1,2,3,4,4,10,-6
6431460,0,1,1,3,2,5,3,4,-1
6431648,2,2,3,3,3,3,3,6,-3
6431651,1,1,4,6,6,8,4,7,-3
6432346,0,0,0,1,2,2,9,11,-2
6432827,1,3,1,5,2,8,6,8,-2
6433436,1,1,3,5,4,8,4,8,-4
6433524,0,1,1,3,4,5,3,8,-5
6433957,0,1,2,4,2,5,3,5,-2
6434577,0,1,0,3,4,6,3,7,-4
6435187,1,2,1,2,3,3,7,10,-3
6435790,0,1,0,6,1,6,2,5,-3
6435945,0,2,0,3,2,6,3,5,-2
6436074,0,3,1,5,2,6,3,4,-1
6436255,1,2,2,2,3,3,2,6,-4
6436686,1,3,2,5,5,7,4,6,-2
6437037,0,3,3,5,4,8,5,8,-3
6437046,0,1,1,4,2,6,4,9,-5
6437068,0,1,2,4,5,7,3,7,-4
6437157,1,2,1,3,2,7,2,7,-5
6437498,0,2,4,2,4,7,4,8,-4
6437776,0,0,2,6,3,7,6,9,-3
6438083,0,0,0,0,0,0,0,0,0
6438504,0,2,1,6,4,6,2,7,-5
6438733,1,0,1,1,1,2,2,5,-3
6440089,1,2,3,5,3,6,4,7,-3
6441229,1,2,2,4,4,8,5,9,-4
6442057,0,1,2,2,3,4,5,8,-3
6442471,0,3,3,5,4,5,4,5,-1
6443389,1,2,3,3,4,5,5,8,-3
6443455,0,1,2,2,3,5,4,7,-3
6443524,1,0,2,3,2,4,7,9,-2
6444987,0,2,1,6,1,6,2,5,-3
6445430,0,1,1,3,2,6,1,7,-6
6445935,0,1,1,5,3,6,2,3,-1
6446392,1,3,2,4,3,9,4,7,-3
6446953,0,1,1,3,3,6,2,4,-2
6447560,0,1,0,3,3,6,2,4,-2
6447934,0,2,1,3,2,7,3,7,-4
6448006,0,1,1,2,3,4,6,9,-3
6448525,1,3,2,5,3,7,3,7,-4
6448554,0,0,1,1,2,3,4,8,-4
6448676,1,3,1,3,3,7,3,6,-3
6448925,0,2,1,3,5,8,5,10,-5
6450160,1,2,1,3,2,4,1,1,0
6450390,0,1,2,6,4,7,3,6,-3
6450932,0,1,1,5,3,7,4,7,-3
6451206,1,0,1,2,1,5,3,8,-5
6451593,1,2,2,4,4,6,2,5,-3
6451648,2,1,2,2,3,2,4,10,-6
6451652,1,1,2,1,4,3,6,11,-5
6451976,0,2,1,3,5,7,6,10,-4
6452094,1,2,2,2,5,5,6,10,-4
6452111,0,3,1,5,3,7,3,7,-4
6452207,0,0,0,3,3,4,6,8,-2
6452216,0,1,0,4,4,6,3,7,-4
6452303,1,2,3,5,4,6,3,6,-3
6452733,0,0,1,4,5,8,6,8,-2
6453395,2,2,3,6,4,8,4,5,-1
6453669,1,1,1,1,2,4,6,9,-3
6453715,1,1,2,3,4,6,4,8,-4
6453750,0,0,2,2,3,4,4,6,-2
6454214,0,3,0,4,3,6,4,8,-4
6454861,0,1,1,2,3,3,8,11,-3
6454994,0,1,0,5,3,5,3,3,0
6455345,0,0,0,1,1,3,7,10,-3
6456101,1,2,3,6,3,7,4,7,-3
6456484,1,2,2,2,4,6,4,9,-5
6456814,1,2,3,5,3,6,2,6,-4
6457265,0,1,2,4,4,4,7,10,-3
6457518,1,0,2,1,3,3,5,9,-4
6457565,0,2,0,2,2,3,5,9,-4
6457677,1,1,2,3,3,7,4,8,-4
6458166,1,1,1,5,4,8,5,6,-1
6458704,1,1,1,1,3,3,3,8,-5
6458818,2,3,5,6,6,9,4,7,-3
6460526,0,1,2,5,4,7,2,9,-7
6460902,0,2,0,5,4,7,6,10,-4
6461773,0,0,2,2,4,9,5,9,-4
6462208,1,2,1,3,3,5,6,10,-4
6462221,0,1,0,3,2,3,6,10,-4
6462431,0,2,2,7,3,8,5,8,-3
6463367,1,2,1,4,5,6,5,8,-3
6463821,0,1,2,3,5,7,5,9,-4
6463828,1,1,4,5,4,7,5,9,-4
6463968,0,1,0,5,1,6,1,4,-3
6464079,1,2,1,3,4,5,3,4,-1
6464143,0,2,1,3,3,6,5,9,-4
6465051,1,1,1,3,3,5,6,10,-4
6465430,0,2,2,5,4,7,4,6,-2
6465640,1,4,2,5,3,7,2,4,-2
6466161,0,2,2,5,4,8,3,7,-4
6466598,0,2,0,4,3,7,2,6,-4
6467274,1,1,1,5,4,7,6,9,-3
6467330,1,2,3,6,5,8,5,7,-2
6467605,0,1,2,3,3,6,1,4,-3
6468048,0,2,0,4,2,6,1,4,-3
6468423,1,0,3,2,6,5,7,10,-3
6468556,0,2,1,3,3,6,3,8,-5
6470241,0,1,3,5,5,7,4,9,-5
6470983,1,1,3,4,5,8,4,8,-4
6471470,1,1,3,2,7,4,6,9,-3
6472232,0,1,2,3,3,7,5,8,-3
6472876,0,1,0,3,3,5,5,9,-4
6473028,1,2,2,5,3,8,4,9,-5
6474264,0,1,1,4,2,4,1,5,-4
6474342,0,1,1,1,3,4,6,10,-4
6474677,0,1,0,2,3,3,5,8,-3
6475466,0,0,2,3,4,6,5,9,-4
6475783,1,1,2,4,5,8,6,11,-5
6475882,1,1,2,5,5,8,4,8,-4
6476009,0,1,3,4,4,6,5,10,-5
6476071,1,1,2,5,3,5,2,5,-3
6476106,0,1,2,3,4,3,4,7,-3
6476607,0,1,2,3,2,4,1,4,-3
6477031,1,3,3,5,3,9,4,6,-2
6477678,0,1,1,3,4,5,4,9,-5
6478759,1,1,1,2,3,4,7,10,-3
6478833,0,1,1,2,3,7,8,11,-3
6479376,0,1,1,3,1,3,1,2,-1
6479816,0,2,1,3,1,5,1,5,-4
6480742,0,0,1,1,3,4,3,5,-2
6480867,0,0,0,3,2,7,4,8,-4
6481579,1,1,1,3,5,8,3,6,-3
6481705,1,3,3,4,4,7,2,8,-6
6481832,0,2,4,6,5,8,4,8,-4
6481864,1,1,2,5,3,7,3,6,-3
6483684,1,2,2,4,3,8,5,8,-3
6485555,0,1,2,2,5,7,5,9,-4
6485716,0,1,1,2,5,7,5,9,-4
6486268,1,2,2,4,4,5,3,6,-3
6486277,0,1,0,1,2,3,4,9,-5
6486495,0,2,1,4,2,6,4,6,-2
6486934,1,2,4,5,4,9,4,6,-2
6486994,0,1,0,3,2,4,1,4,-3
6487209,0,1,1,1,4,7,5,9,-4
6487223,0,1,1,4,3,5,2,5,-3
6487373,2,1,3,3,5,6,4,8,-4
6488809,2,0,3,4,4,6,4,5,-1
6488847,0,2,2,4,3,8,5,7,-2
6488858,1,2,2,3,4,7,6,10,-4
6488960,1,2,1,5,3,9,5,7,-2
6489680,0,1,2,3,2,6,2,3,-1
6489821,0,1,3,4,5,7,6,9,-3
6490112,0,0,2,2,2,2,5,10,-5
6490411,1,1,1,4,2,6,3,6,-3
6491023,0,2,1,5,1,5,2,5,-3
6491632,1,1,2,4,3,7,5,9,-4
6492400,0,1,2,3,5,7,6,9,-3
6492494,0,1,1,1,3,6,7,10,-3
6492742,1,3,2,5,5,7,2,5,-3
6493427,0,1,2,4,4,7,4,9,-5
6493965,0,1,0,3,3,6,4,9,-5
6496371,0,0,1,2,5,9,6,10,-4
6496571,0,1,1,3,2,4,8,11,-3
6496726,0,4,1,6,1,7,3,6,-3
6497020,0,1,1,3,2,4,1,5,-4
6497166,0,0,0,0,0,1,1,4,-3
6497362,1,2,2,3,3,6,4,7,-3
6497892,1,1,3,4,5,7,5,8,-3
6498123,1,1,2,3,3,5,2,6,-4
6498795,1,1,2,6,5,9,3,7,-4
6499148,1,2,2,4,3,6,2,4,-2
6500114,1,3,1,5,2,6,2,4,-2
6500954,1,2,3,5,4,8,3,8,-5
6501063,0,0,0,3,2,5,6,9,-3
6501372,1,2,1,3,1,3,0,3,-3
6501669,0,1,1,3,4,6,5,8,-3
6501729,1,2,2,2,4,5,5,7,-2
6501967,0,1,1,2,1,3,6,9,-3
6502854,1,3,1,5,2,6,1,4,-3
6503092,0,1,2,3,4,6,3,7,-4
6503162,0,2,1,3,3,7,6,8,-2
6503195,0,0,3,2,5,8,8,11,-3
6503485,0,1,2,2,4,5,3,9,-6
6503945,1,1,2,2,4,8,6,9,-3
6504983,0,2,0,4,1,5,2,7,-5
6505330,0,3,1,4,3,6,3,6,-3
6505581,0,0,1,1,4,7,5,9,-4
6505705,0,1,2,5,4,7,4,9,-5
6506015,0,3,3,6,4,8,3,8,-5
6508225,1,2,1,4,3,5,2,6,-4
6508778,1,1,2,4,2,7,2,5,-3
6508783,0,2,2,3,2,7,2,4,-2
6508841,0,1,1,6,4,7,5,8,-3
6508888,0,1,3,5,5,9,5,9,-4
6509515,0,2,1,5,2,8,3,5,-2
6510784,0,2,1,3,4,5,4,5,-1
6511142,0,2,2,2,2,2,1,3,-2
6511167,0,0,1,3,2,7,3,5,-2
6511818,1,2,1,5,3,6,3,6,-3
6512613,0,0,0,0,0,0,0,0,0
6512953,1,0,1,0,2,1,9,10,-1
6513032,0,1,2,5,5,9,3,8,-5
6513250,0,2,1,2,3,7,5,9,-4
6513921,1,5,2,8,4,8,2,5,-3
6514823,1,1,1,3,3,6,5,10,-5
6515086,1,1,2,2,5,5,6,9,-3
6515150,1,2,2,6,2,7,2,7,-5
6515157,0,1,3,6,7,8,4,9,-5
6515399,0,2,1,3,3,6,5,7,-2
6515676,2,2,3,3,5,4,5,8,-3
6516403,0,1,1,2,4,5,3,7,-4
6516557,0,1,1,3,1,4,7,10,-3
6516623,0,0,0,1,2,1,7,10,-3
6517130,1,0,1,1,2,1,3,7,-4
6517157,1,2,2,5,4,7,1,7,-6
6517277,0,1,1,6,7,9,7,10,-3
6517391,0,1,0,2,3,6,4,9,-5
6517492,0,1,1,1,2,5,4,6,-2
6517542,0,0,2,4,2,5,4,5,-1
6517563,1,3,2,6,3,6,1,5,-4
6517634,1,2,1,3,2,6,1,5,-4
6517743,1,1,2,3,4,5,4,9,-5
6517745,1,2,2,4,3,5,3,4,-1
6518018,0,1,1,3,4,8,5,9,-4
6518832,0,2,1,4,2,6,3,5,-2
6518873,0,2,3,4,5,8,5,10,-5
6519055,1,1,2,3,3,3,6,7,-1
6519072,0,1,1,3,4,7,6,10,-4
6519476,0,1,3,4,6,8,6,8,-2
6519614,1,0,1,3,4,4,4,8,-4
6520013,0,2,1,3,5,7,5,9,-4
6520372,1,1,2,3,4,6,3,6,-3
6520456,0,2,2,3,4,7,4,9,-5
6520821,0,0,0,0,0,0,0,0,0
6520890,0,1,3,3,3,8,1,2,-1
6521530,0,2,3,3,5,9,6,9,-3
6521868,1,3,3,6,3,8,1,6,-5
6521900,1,2,2,4,2,7,3,5,-2
6521939,1,1,2,3,2,4,2,1,1
6522404,0,2,2,4,3,6,5,7,-2
6522417,1,0,1,2,3,2,1,7,-6
6522889,0,3,1,3,3,5,4,8,-4
6523751,0,1,2,5,5,7,6,9,-3
6523888,1,2,3,7,4,9,4,5,-1
6523995,0,0,4,6,5,7,6,7,-1
6524560,1,2,3,6,5,8,2,5,-3
6524969,1,1,1,4,3,5,0,5,-5
6525051,2,3,3,5,3,5,1,4,-3
6525160,1,2,3,2,4,5,4,7,-3
6525291,1,1,2,5,2,8,5,8,-3
6526265,2,3,2,7,5,8,5,7,-2
6526644,1,0,1,1,3,3,5,9,-4
6526863,1,1,2,5,4,6,5,5,0
6527287,1,1,2,2,3,6,7,10,-3
6527995,2,2,2,5,3,8,2,6,-4
6528629,0,2,2,4,2,7,2,5,-3
6528652,0,2,1,5,4,8,4,7,-3
6528674,0,1,1,4,1,8,4,8,-4
6529008,0,0,1,4,3,5,3,5,-2
6529532,0,3,1,3,2,4,1,4,-3
6529948,0,1,1,3,5,5,3,7,-4
6530127,0,1,2,2,2,7,2,6,-4
6530868,0,1,1,2,2,5,6,10,-4
6531143,1,0,1,3,1,4,3,4,-1
6531778,0,3,1,3,2,6,4,8,-4
6533051,1,2,5,6,5,8,2,6,-4
6533745,0,2,1,3,2,4,2,4,-2
6533767,1,1,2,1,2,2,0,3,-3
6533941,0,1,3,1,4,7,5,9,-4
6534902,0,1,2,2,4,6,5,9,-4
6534992,0,1,1,5,4,8,4,6,-2
6535360,0,0,0,2,2,4,3,5,-2
6536482,1,3,3,5,4,7,5,8,-3
6536502,0,0,0,2,5,3,8,11,-3
6536935,0,2,3,4,6,7,5,10,-5
6538921,1,1,1,2,2,4,3,3,0
6539013,1,1,1,3,1,7,5,9,-4
6540886,0,1,2,5,5,7,2,4,-2
6541103,0,1,3,5,3,6,4,6,-2
6542294,1,2,2,4,3,4,1,3,-2
6542511,0,0,0,1,2,4,4,8,-4
6542620,0,1,0,1,4,5,7,8,-1
6543093,1,3,2,6,3,7,3,7,-4
6543203,0,0,1,1,3,4,8,11,-3
6543355,0,1,1,2,2,5,3,7,-4
6544037,0,1,2,5,3,7,3,5,-2
6544829,0,1,2,4,4,6,2,7,-5
6545361,1,0,1,1,2,2,7,11,-4
6545636,0,1,1,2,2,5,3,7,-4
6546622,1,0,1,1,2,5,2,6,-4
6548230,0,2,0,3,4,7,5,10,-5
6549114,1,0,1,1,1,2,1,3,-2
6549788,0,0,1,3,1,5,2,5,-3
6550048,0,2,0,3,4,5,2,5,-3
6550579,0,1,1,3,4,6,4,6,-2
6551167,1,3,2,4,5,7,2,6,-4
6551460,1,1,1,1,2,3,6,10,-4
6551818,1,1,2,5,2,5,1,5,-4
6551980,0,1,1,1,4,5,5,10,-5
6552526,1,1,1,4,4,7,5,8,-3
6552805,0,2,1,2,1,2,6,10,-4
6553028,1,3,1,3,2,4,2,3,-1
6553841,1,1,3,5,5,8,3,8,-5
6554124,1,0,1,1,5,4,7,10,-3
6554667,1,2,1,4,4,7,6,8,-2
6554745,1,3,2,3,5,7,5,8,-3
6555070,1,3,2,4,3,5,3,5,-2
6555550,0,1,2,3,3,8,5,9,-4
6556711,1,1,3,5,4,8,6,8,-2
6556745,0,1,1,1,2,6,6,9,-3
6557090,0,1,2,5,2,6,3,7,-4
6557396,0,3,1,4,3,4,4,7,-3
6559255,0,0,1,3,4,6,7,8,-1
6559363,0,2,2,4,3,8,4,9,-5
6559560,1,1,2,2,3,4,1,5,-4
6559590,0,3,3,6,5,7,2,7,-5
6560413,0,1,1,1,3,3,7,10,-3
6561014,0,2,2,4,6,7,5,6,-1
6561440,1,1,3,1,3,4,8,10,-2
6561505,1,2,1,4,4,9,3,8,-5
6561627,0,1,2,4,4,6,3,7,-4
6561918,0,1,1,2,3,4,3,5,-2
6562944,2,3,3,5,5,7,4,6,-2
6563453,0,1,2,3,3,7,4,9,-5
6563513,1,2,2,5,4,6,4,7,-3
6563768,0,1,1,3,3,6,4,8,-4
6564563,1,1,1,4,5,6,7,10,-3
6565501,1,0,1,2,3,5,3,7,-4
6565678,0,1,0,2,2,4,8,11,-3
6565743,0,1,1,2,5,5,5,8,-3
6568128,1,0,1,0,2,3,5,8,-3
6568349,0,1,0,2,2,7,3,4,-1
6568883,0,1,1,3,3,8,5,10,-5
6570331,0,1,3,6,4,8,2,6,-4
6570659,1,4,4,7,5,8,4,6,-2
6570677,0,1,0,2,3,3,9,11,-2
6571225,0,1,0,2,4,6,4,8,-4
6571726,0,1,1,1,5,6,4,8,-4
6572134,0,1,2,5,5,8,5,8,-3
6572280,0,1,2,3,3,6,3,6,-3
6572493,1,3,3,5,3,7,3,5,-2
6572650,2,3,3,8,5,9,3,7,-4
6572897,0,0,1,2,1,3,1,4,-3
6573076,1,3,2,3,4,5,4,9,-5
6573199,0,1,1,2,3,6,5,9,-4
6573772,0,1,0,3,3,7,3,9,-6
6573791,1,3,2,5,3,7,2,5,-3
6574857,1,2,2,4,5,9,5,10,-5
6575025,0,1,1,3,4,7,5,9,-4
6575053,1,2,2,4,3,4,1,2,-1
6575263,1,0,3,4,6,7,8,8,0
6575264,1,1,1,4,5,7,6,9,-3
6575701,0,1,2,3,3,4,2,4,-2
6575921,0,0,1,2,2,3,5,9,-4
6576045,0,1,2,3,6,5,7,9,-2
6576376,0,2,1,2,1,6,2,5,-3
6576654,1,4,2,5,3,8,3,7,-4
6576978,0,0,2,4,5,7,5,7,-2
6577038,0,1,1,3,2,5,2,4,-2
6577858,0,2,1,2,2,5,6,9,-3
6578412,0,0,0,3,4,6,4,7,-3
6578423,0,1,0,2,5,5,7,10,-3
6578462,0,1,2,5,2,5,2,4,-2
6580409,0,1,3,4,3,7,4,6,-2
6580817,0,2,1,4,2,5,2,4,-2
6582274,0,2,1,3,3,5,4,8,-4
6582795,1,0,2,1,4,3,6,9,-3
6582865,1,2,1,2,2,2,2,5,-3
6583114,0,1,1,4,3,6,5,6,-1
6583117,0,2,1,4,5,6,6,9,-3
6583406,0,0,2,1,2,5,2,4,-2
6584152,0,1,2,3,3,4,2,6,-4
6584389,1,3,1,3,2,6,4,8,-4
6584786,0,1,2,1,2,3,4,7,-3
6585002,1,0,1,1,2,4,5,9,-4
6585355,1,3,1,5,3,7,1,3,-2
6586719,1,1,1,3,4,6,3,8,-5
6587309,0,1,2,3,4,7,5,8,-3
6587664,1,0,3,3,4,6,3,5,-2
6587897,0,2,2,3,4,8,5,8,-3
6588001,0,2,1,5,2,7,4,7,-3
6588290,0,2,1,4,1,4,0,1,-1
6588533,1,1,1,1,3,3,5,10,-5
6588816,1,3,3,6,5,10,7,9,-2
6589857,0,1,2,3,4,5,5,7,-2
6589982,0,3,2,6,4,9,5,9,-4
6590450,0,2,1,4,5,8,4,8,-4
6590477,0,1,0,3,2,8,4,9,-5
6590702,0,1,2,4,2,8,4,6,-2
6590792,1,1,1,4,2,6,0,1,-1
6590868,0,0,1,0,2,2,4,8,-4
6592073,0,3,2,4,2,5,2,5,-3
6592157,0,2,3,6,3,8,2,5,-3
6593189,1,1,2,2,4,5,4,9,-5
6594021,0,1,3,6,4,9,4,7,-3
6594383,0,2,2,5,4,7,2,7,-5
6594724,0,1,0,1,3,5,6,10,-4
6594971,0,2,1,4,3,7,5,8,-3
6595366,0,1,0,2,2,8,5,7,-2
6595736,1,2,3,4,4,6,5,8,-3
6595881,0,1,1,4,2,5,7,9,-2
6596148,1,3,2,4,3,7,4,8,-4
6597209,0,1,0,3,4,6,5,10,-5
6597634,1,1,1,2,3,3,0,1,-1
6598092,2,3,2,6,4,8,3,8,-5
6598192,1,1,2,5,2,5,2,5,-3
6599037,1,2,3,5,3,6,4,9,-5
6599049,1,2,2,3,4,7,4,9,-5
6599075,1,1,2,5,4,7,3,5,-2
6599166,0,1,1,5,4,8,2,6,-4
6599303,0,2,1,4,1,6,0,3,-3
6599530,1,2,2,5,2,5,2,7,-5
6600254,0,1,1,4,1,5,3,9,-6
6600410,0,2,1,4,2,6,1,6,-5
6600906,0,2,3,3,3,5,1,6,-5
6601662,0,1,1,3,3,5,3,5,-2
6601682,0,1,2,5,4,8,4,8,-4
6601688,1,4,5,7,5,9,4,5,-1
6601855,0,1,4,4,6,7,7,8,-1
6602490,0,1,2,2,2,5,6,10,-4
6603090,0,1,4,5,5,8,4,8,-4
6603193,1,2,2,5,3,7,2,6,-4
6603280,0,0,0,2,2,3,7,10,-3
6603796,0,1,1,5,5,8,5,9,-4
6605097,1,0,1,2,2,4,2,6,-4
6605392,0,0,1,2,4,7,6,9,-3
6605752,1,1,1,3,2,7,2,4,-2
6605862,0,2,2,3,3,4,3,6,-3
6606459,0,0,2,3,2,6,5,8,-3
6606941,1,0,1,0,3,2,7,11,-4
6607148,0,1,1,1,2,4,6,9,-3
6607528,0,1,0,2,3,5,2,7,-5
6608271,1,2,3,4,4,7,5,6,-1
6608377,0,2,1,5,2,6,4,4,0
6608731,0,2,1,5,2,7,2,5,-3
6609135,0,2,1,6,4,8,2,6,-4
6609232,0,1,3,4,4,5,1,5,-4
6609388,0,0,0,1,0,4,5,10,-5
6609430,0,1,1,3,2,3,2,4,-2
6609574,0,2,1,5,4,8,4,8,-4
6610254,0,2,5,6,7,9,8,8,0
6610490,1,0,1,2,2,6,5,9,-4
6610553,0,0,2,4,4,5,3,5,-2
6611007,0,3,2,3,3,5,0,4,-4
6611182,1,2,4,6,5,9,4,8,-4
6611706,0,0,1,1,3,6,6,8,-2
6611866,0,1,1,4,3,9,5,7,-2
6612963,1,1,3,5,3,6,2,4,-2
6613192,0,1,4,3,5,8,4,9,-5
6613310,0,1,0,2,3,5,4,9,-5
6613338,1,2,2,3,3,5,6,10,-4
6613928,0,1,1,4,4,6,4,7,-3
6614047,1,2,4,5,6,9,7,9,-2
6614386,1,0,2,1,2,2,5,6,-1
6614424,1,1,2,2,5,5,6,8,-2
6614684,0,1,0,2,3,3,5,8,-3
6615220,0,2,1,2,1,3,5,7,-2
6615269,0,2,1,5,3,6,1,6,-5
6615571,0,2,1,3,3,6,6,8,-2
6615625,0,1,0,2,3,5,4,10,-6
6616296,0,1,1,5,3,6,3,5,-2
6616876,0,2,2,3,3,6,2,7,-5
6617079,0,0,1,2,2,3,4,6,-2
6618007,1,3,2,4,5,8,2,7,-5
6618022,0,1,1,3,3,3,1,4,-3
6618144,0,1,2,6,5,8,3,8,-5
6619644,0,0,1,0,4,3,5,8,-3
6620277,0,3,2,7,7,8,4,8,-4
6620763,0,1,3,1,4,5,5,8,-3
6620893,0,1,2,4,2,6,2,6,-4
6621439,0,2,1,3,2,3,3,7,-4
6621501,0,2,2,3,4,7,4,9,-5
6621688,2,0,2,3,2,3,5,9,-4
6622117,0,1,1,3,2,5,1,5,-4
6622138,1,1,1,3,1,7,2,5,-3
6622148,0,1,0,2,3,7,2,9,-7
6622260,0,1,1,2,5,7,6,9,-3
6622391,0,0,1,2,6,8,7,9,-2
6622799,0,1,1,1,3,7,8,11,-3
6623587,0,1,3,4,4,9,4,9,-5
6624507,0,1,1,5,4,7,3,5,-2
6624628,0,2,1,5,4,7,4,7,-3
6625166,1,2,1,4,3,6,2,4,-2
6626245,2,2,4,7,5,8,5,6,-1
6626549,0,1,0,2,1,4,1,4,-3
6626773,1,1,1,1,1,2,1,2,-1
6627840,0,1,0,1,1,3,7,10,-3
6628712,0,2,1,4,3,5,2,7,-5
6629005,0,1,2,2,3,7,3,7,-4
6629310,0,2,1,3,4,4,5,10,-5
6629600,0,1,1,3,2,7,5,9,-4
6629776,0,2,2,3,4,6,4,6,-2
6629954,0,2,2,4,5,7,5,9,-4
6630102,0,1,1,3,2,7,3,7,-4
6630223,0,2,2,4,3,7,4,9,-5
6630541,2,2,3,6,3,7,1,4,-3
6631307,0,2,2,3,4,6,5,8,-3
6631528,1,1,2,4,4,6,6,8,-2
6631708,1,1,2,1,3,2,6,10,-4
6632300,1,1,2,5,3,6,4,8,-4
6632825,1,1,1,3,1,5,2,6,-4
6633241,0,1,2,4,5,8,5,9,-4
6633325,0,0,3,3,3,5,4,6,-2
6633906,0,1,2,1,4,3,7,11,-4
6634299,0,1,0,2,1,3,3,5,-2
6634424,0,0,0,1,3,4,7,10,-3
6634576,1,0,1,2,2,4,3,5,-2
6634656,0,1,1,2,2,5,5,9,-4
6635333,1,3,2,6,2,8,2,5,-3
6635336,0,1,4,6,6,8,8,9,-1
6635489,1,2,1,3,5,7,4,8,-4
6635580,0,2,2,4,4,6,4,8,-4
6635618,0,1,3,3,3,5,3,7,-4
6635786,0,2,2,4,6,8,5,10,-5
6636081,0,1,0,1,4,8,7,11,-4
6636740,0,2,1,3,3,7,4,7,-3
6636972,0,2,1,3,5,4,5,10,-5
6638511,1,2,2,5,4,6,4,7,-3
6638639,0,1,1,3,3,7,6,11,-5
6638657,1,1,2,4,3,4,5,7,-2
6639282,0,0,1,4,4,4,6,10,-4
6639314,1,0,1,1,5,5,6,10,-4
6639380,0,1,2,3,4,6,3,7,-4
6639672,2,3,2,6,5,7,2,7,-5
6639941,1,1,1,4,3,5,2,4,-2
6640682,0,1,1,3,2,7,1,6,-5
6640797,1,1,2,6,3,7,1,4,-3
6641126,0,2,1,4,3,9,5,8,-3
6642870,0,2,2,5,4,6,4,5,-1
6642973,0,1,1,5,2,8,0,5,-5
6643504,0,0,1,4,3,7,3,8,-5
6643674,1,2,2,4,3,6,3,3,0
6643725,2,2,2,2,3,2,7,10,-3
6644487,1,2,2,6,3,7,2,6,-4
6644904,0,0,1,1,4,7,5,8,-3
6646420,1,2,1,6,4,7,3,7,-4
6646529,0,0,0,1,1,3,6,10,-4
6646633,0,2,1,3,1,7,3,5,-2
6646853,1,2,3,5,4,6,1,7,-6
6647168,0,1,1,4,4,6,4,9,-5
6647362,0,1,1,3,2,5,1,4,-3
6648083,0,2,4,3,5,6,3,8,-5
6649190,0,2,0,4,5,7,5,10,-5
6649198,0,1,2,3,4,7,5,9,-4
6649325,0,1,1,2,4,6,9,11,-2
6649564,0,2,2,3,6,10,7,11,-4
6649924,1,3,5,6,8,10,6,10,-4
6650168,0,2,2,3,3,7,3,10,-7
6650459,0,1,1,1,4,4,6,10,-4
6650658,1,1,2,5,4,7,3,7,-4
6650794,0,1,1,4,4,9,2,7,-5
6651223,0,1,3,4,5,8,3,7,-4
6651782,1,2,2,5,5,8,6,9,-3
6651935,0,1,1,1,2,5,9,11,-2
6652159,0,0,2,3,3,3,6,10,-4
6652212,0,0,0,1,2,5,4,7,-3
6652391,0,0,2,2,4,3,9,9,0
6652907,0,1,2,3,3,4,5,10,-5
6653172,1,1,1,1,4,2,3,5,-2
6653423,0,1,0,2,4,6,8,9,-1
6654981,0,0,1,1,2,5,3,6,-3
6655371,1,3,3,4,3,8,6,9,-3
6655703,0,0,0,3,2,7,6,8,-2
6656303,1,1,2,2,3,5,2,7,-5
6656572,1,1,1,4,4,6,1,6,-5
6656839,0,1,2,4,2,5,3,6,-3
6657234,0,2,1,3,5,6,6,9,-3
6658260,1,2,3,7,5,9,5,6,-1
6658287,0,1,2,3,4,6,4,6,-2
6658361,0,2,1,3,4,6,5,9,-4
6658497,1,0,1,4,4,6,5,6,-1
6658555,1,0,1,1,2,3,5,10,-5
6659227,1,2,3,5,4,8,6,9,-3
6659495,0,2,1,2,1,5,1,2,-1
6659513,1,1,2,3,3,5,1,7,-6
6660391,1,0,1,2,1,5,4,6,-2
6660754,1,1,1,1,2,2,5,8,-3
6660757,2,1,2,2,4,3,5,7,-2
6660814,0,3,1,5,4,7,4,8,-4
6660851,1,0,1,1,1,2,3,5,-2
6661817,0,1,0,3,4,6,6,9,-3
6662746,0,1,2,2,4,4,5,8,-3
6663474,0,0,1,4,2,7,3,8,-5
6663730,1,1,1,4,2,6,5,10,-5
6663907,1,1,1,3,4,6,5,9,-4
6664543,0,1,1,3,3,5,2,6,-4
6664683,1,3,3,6,5,9,5,9,-4
6665889,1,1,1,3,4,5,5,10,-5
6666980,0,1,1,3,4,8,6,9,-3
6669672,1,1,2,2,2,5,4,8,-4
6669935,1,0,1,2,3,7,4,9,-5
6670003,1,1,2,4,6,9,6,10,-4
6672132,1,2,1,5,3,7,2,5,-3
6672498,0,2,1,4,5,8,4,9,-5
6672540,0,2,1,3,3,5,2,6,-4
6673219,0,0,1,4,2,6,4,8,-4
6673691,0,2,2,6,4,9,4,7,-3
6675656,0,1,2,2,4,5,5,9,-4
6675833,0,1,1,2,4,5,5,9,-4
6675997,1,1,3,2,3,2,4,8,-4
6676382,0,2,0,3,2,5,4,7,-3
6676557,1,0,1,3,2,4,3,5,-2
6677142,0,0,2,4,3,6,3,6,-3
6677585,0,2,1,3,3,5,2,6,-4
6677805,1,1,1,3,2,5,3,7,-4
6678361,0,2,2,5,2,5,2,4,-2
6678725,1,3,3,5,4,7,2,4,-2
6679017,1,3,1,5,3,7,4,8,-4
6679456,1,1,2,3,4,7,4,9,-5
6679581,1,1,1,2,2,5,3,6,-3
6679690,0,3,3,4,6,9,6,10,-4
6680062,0,2,0,5,3,7,3,6,-3
6680366,0,1,1,4,3,6,3,5,-2
6680531,0,1,0,3,1,6,4,7,-3
6681681,1,2,4,4,5,9,4,8,-4
6681738,0,2,1,3,2,5,2,5,-3
6682020,0,1,3,2,5,7,5,9,-4
6682196,1,2,3,4,3,7,5,9,-4
6683010,0,2,1,3,3,5,2,7,-5
6683051,0,1,0,3,1,5,4,5,-1
6683091,1,1,3,4,4,6,2,7,-5
6683424,1,1,3,5,5,8,5,9,-4
6683497,1,1,2,5,4,7,4,6,-2
6684102,0,2,1,5,2,5,1,5,-4
6687320,1,2,2,5,3,7,1,5,-4
6687396,0,2,1,4,1,6,2,5,-3
6687557,0,0,0,0,3,5,8,10,-2
6687703,0,1,2,3,2,4,2,6,-4
6688154,0,0,1,1,1,5,6,11,-5
